game_id,season,week,gameday,recorded,source,p_logistic,p_logistic_blitz,p_vegas,pred_margin,spread_line
2026_01_NE_SEA,2026,1,2026-09-09,backfill (trained through 2026-02-08),backfill,0.6227538192175627,0.6322471881109112,0.5996387718242023,3.6098556528751766,3.0
2026_01_SF_LA,2026,1,2026-09-10,backfill (trained through 2026-02-08),backfill,0.5251211980915792,0.5193709281630464,0.6574752261956054,0.8871611944758813,3.5
2026_01_ARI_LAC,2026,1,2026-09-13,backfill (trained through 2026-02-08),backfill,0.7111754831483428,0.7060552061314551,0.7867435158501441,7.169208464656892,8.5
2026_01_ATL_PIT,2026,1,2026-09-13,backfill (trained through 2026-02-08),backfill,0.7154110638787029,0.7152609950340394,0.7179705215419501,6.951613300509273,6.5
2026_01_BAL_IND,2026,1,2026-09-13,backfill (trained through 2026-02-08),backfill,0.4660858716579457,0.470135464068744,0.4066302458405761,-1.781055813295465,-3.0
2026_01_BUF_HOU,2026,1,2026-09-13,backfill (trained through 2026-02-08),backfill,0.5424815109969716,0.5422435993755063,0.4956702459300312,0.7408244581149561,-1.5
2026_01_CHI_CAR,2026,1,2026-09-13,backfill (trained through 2026-02-08),backfill,0.4748955855771186,0.5102540672703822,0.4003612281757977,-1.4260682000087614,-3.0
2026_01_CLE_JAX,2026,1,2026-09-13,backfill (trained through 2026-02-08),backfill,0.7391607921386595,0.7039477687435589,0.7913616398243045,7.416133763944116,8.5
2026_01_DAL_NYG,2026,1,2026-09-13,backfill (trained through 2026-02-08),backfill,0.4810124994369086,0.5154324823607958,0.4003612281757977,0.2185218959891707,-3.0
2026_01_GB_MIN,2026,1,2026-09-13,backfill (trained through 2026-02-08),backfill,0.5157758128933235,0.5376378687629841,0.5324675324675325,1.191922858949351,1.5
2026_01_MIA_LV,2026,1,2026-09-13,backfill (trained through 2026-02-08),backfill,0.50525520523661,0.4864753723347022,0.6037569709421778,-0.5656458700300749,3.0
2026_01_NO_DET,2026,1,2026-09-13,backfill (trained through 2026-02-08),backfill,0.7129621132059998,0.7075197234875658,0.7335423197492164,6.883677597338682,7.0
2026_01_NYJ_TEN,2026,1,2026-09-13,backfill (trained through 2026-02-08),backfill,0.5657551106033636,0.6036002905056028,0.5173641257162701,1.666912677033922,1.5
2026_01_TB_CIN,2026,1,2026-09-13,backfill (trained through 2026-02-08),backfill,0.5840955388177318,0.5453748369215,0.644729178800233,2.912839094424091,3.5
2026_01_WAS_PHI,2026,1,2026-09-13,backfill (trained through 2026-02-08),backfill,0.7035716977155219,0.7385091247668332,0.6805555555555556,6.331386320653609,6.0
2026_01_DEN_KC,2026,1,2026-09-14,backfill (trained through 2026-02-08),backfill,0.5129420549765686,0.5176483970408219,0.5427435387673957,1.0258688972225016,2.5
2026_02_DET_BUF,2026,2,2026-09-17,backfill (trained through 2026-09-14),backfill,0.6986241218545021,0.7306716099028544,0.6750312469954812,6.105513056597798,5.5
2026_02_CAR_ATL,2026,2,2026-09-20,backfill (trained through 2026-09-14),backfill,0.5962321179632962,0.5502457377835303,0.4170073589533933,4.4128044496180046,-2.5
2026_02_CIN_HOU,2026,2,2026-09-20,backfill (trained through 2026-09-14),backfill,0.5962069068489404,0.6154603020049568,0.5720596355604638,2.665570138183266,3.0
2026_02_CLE_TB,2026,2,2026-09-20,backfill (trained through 2026-09-14),backfill,0.6341440434931565,0.6040607863986938,0.7768331562167907,4.645257341058043,8.5
2026_02_GB_NYJ,2026,2,2026-09-20,backfill (trained through 2026-09-14),backfill,0.4796556870240601,0.4614683963808379,0.3775334481388264,-1.0330226905000524,-3.5
2026_02_IND_KC,2026,2,2026-09-20,backfill (trained through 2026-09-14),backfill,0.7351812537170084,0.7178734069547921,0.6957699520733487,7.908313631660413,6.0
2026_02_JAX_DEN,2026,2,2026-09-20,backfill (trained through 2026-09-14),backfill,0.4335062101145635,0.4549797321335108,0.5720596355604638,-1.832054629511493,2.5
2026_02_LV_LAC,2026,2,2026-09-20,backfill (trained through 2026-09-14),backfill,0.6055704290072371,0.5922388076678504,0.7335423197492164,3.8520313174527514,6.5
2026_02_MIA_SF,2026,2,2026-09-20,backfill (trained through 2026-09-14),backfill,0.7899141510502151,0.7652529775707648,0.863013698630137,9.538800750747791,12.5
2026_02_MIN_CHI,2026,2,2026-09-20,backfill (trained through 2026-09-14),backfill,0.69471502583416,0.6645627611404178,0.6574752261956054,4.732868675433446,4.5
2026_02_NO_BAL,2026,2,2026-09-20,backfill (trained through 2026-09-14),backfill,0.8002822120070857,0.8139426307259073,0.7571884984025559,10.538913875233014,8.5
2026_02_PHI_TEN,2026,2,2026-09-20,backfill (trained through 2026-09-14),backfill,0.271507062759183,0.2672292230623596,0.2664576802507837,-7.536090316693217,-7.0
2026_02_PIT_NE,2026,2,2026-09-20,backfill (trained through 2026-09-14),backfill,0.6709956627966153,0.704338415115151,0.6636481241914618,5.635008194505489,4.5
2026_02_SEA_ARI,2026,2,2026-09-20,backfill (trained through 2026-09-14),backfill,0.4049426768518512,0.3850248502616747,0.3425247738043946,-2.864954307998628,-3.5
2026_02_WAS_DAL,2026,2,2026-09-20,backfill (trained through 2026-09-14),backfill,0.5804895479091224,0.5790794273889504,0.6574752261956054,1.8644063782430889,3.5
2026_02_NYG_LA,2026,2,2026-09-21,2026-09-21 18:33,live,0.6384449094248363,0.5857917938271092,0.7135512302607419,,
2026_03_ATL_GB,2026,3,2026-09-24,2026-09-24 12:01,live,0.7306927702900979,0.7471032529767133,0.6805555555555556,7.138841136394227,4.5
2026_03_ARI_SF,2026,3,2026-09-27,2026-09-27 11:01,live,0.816434261662128,0.8073194948122085,0.7659021045164341,11.501307994143044,7.5
2026_03_BAL_DAL,2026,3,2026-09-27,2026-09-27 11:01,live,0.4299843018727101,0.3950598078350846,0.4066302458405761,-3.4698097538803463,-3.0
2026_03_CAR_CLE,2026,3,2026-09-27,2026-09-27 11:01,live,0.5296160984650745,0.5356754875574887,0.448558885283451,1.8053850345429625,-1.5
2026_03_CIN_PIT,2026,3,2026-09-27,2026-09-27 11:01,live,0.4773667358425333,0.4772206527819669,0.3690596562184025,-0.5040127022033212,-3.5
2026_03_HOU_IND,2026,3,2026-09-27,2026-09-27 11:01,live,0.4474919854848206,0.453803762120378,0.4739134147382802,-0.8034639161250126,-1.5
2026_03_KC_MIA,2026,3,2026-09-27,2026-09-27 11:01,live,0.3697258917036318,0.4006035461799505,0.1918429003021148,-3.8718797848961257,-9.5
2026_03_LAC_BUF,2026,3,2026-09-27,2026-09-27 11:01,live,0.7881959276425362,0.8053022002147271,0.7335423197492164,9.856360816137697,7.0
2026_03_LA_DEN,2026,3,2026-09-27,2026-09-27 11:01,live,0.5254958622948206,0.5642183569551037,0.4572564612326044,0.6609933108279018,-1.5
2026_03_LV_NO,2026,3,2026-09-27,2026-09-27 11:01,live,0.581703884391852,0.5698208815319354,0.6369041816941223,3.30806965218588,3.5
2026_03_MIN_TB,2026,3,2026-09-27,2026-09-27 11:01,live,0.5280998912084229,0.5094703535593335,0.4891657638136511,0.5458319443339781,-1.5
2026_03_NE_JAX,2026,3,2026-09-27,2026-09-27 11:01,live,0.5846991992057983,0.5548301740319416,0.5829926410466066,2.3423893900085297,3.0
2026_03_NYJ_DET,2026,3,2026-09-27,2026-09-27 11:01,live,0.7483277709846511,0.7547853196371502,0.7220792588780237,8.25935368957317,6.5
2026_03_SEA_WAS,2026,3,2026-09-27,2026-09-27 11:01,live,0.3220664632360184,0.2931142932487901,0.2284946236559139,-5.797103055213089,-8.5
2026_03_TEN_NYG,2026,3,2026-09-27,2026-09-27 11:01,live,0.6694613519058326,0.6489497204371073,0.5427435387673957,6.0834615240822165,2.5
2026_03_PHI_CHI,2026,3,2026-09-28,2026-09-27 11:01,live,0.4241967412081171,0.3863286512141494,0.3630958183058778,-1.7619257702263416,-3.5
2026_04_PIT_CLE,2026,4,2026-10-01,2026-10-01 12:01,live,0.4239712673025221,0.4715794972921037,0.4279403644395361,-2.471672648272347,-2.5
2026_04_ARI_NYG,2026,4,2026-10-04,2026-10-01 12:01,live,0.6082751961059805,0.6288664465884286,0.448558885283451,3.6167159718742634,-2.5
2026_04_DAL_HOU,2026,4,2026-10-04,2026-10-01 12:01,live,0.559761796701636,0.5808367121581038,0.593369754159424,1.948658691699447,3.0
2026_04_DEN_SF,2026,4,2026-10-04,2026-10-01 12:01,live,0.7147769806216988,0.6860943071636825,0.5720596355604638,6.578847589514114,3.0
2026_04_DET_CAR,2026,4,2026-10-04,2026-10-01 12:01,live,0.4260797554504947,0.4865367355355024,0.3835616438356164,-2.441266149816504,-3.5
2026_04_GB_TB,2026,4,2026-10-04,2026-10-01 12:01,live,0.382998143336984,0.3817557919688735,0.3835616438356164,-1.874892090571806,-3.5
2026_04_IND_WAS,2026,4,2026-10-04,2026-10-01 12:01,live,0.4955585903673641,0.4630563141893397,0.3690596562184025,-0.55969463284093,-3.5
2026_04_JAX_CIN,2026,4,2026-10-04,2026-10-01 12:01,live,0.4909949009574192,0.4909057031973151,0.5634920634920635,0.3493146407312355,2.5
2026_04_KC_LV,2026,4,2026-10-04,2026-10-01 12:01,live,0.3756400230267234,0.3752019394080356,0.3425247738043946,-4.337881170542872,-4.5
2026_04_LAC_SEA,2026,4,2026-10-04,2026-10-01 12:01,live,0.7745181900704994,0.7889276617761937,0.7600000000000001,8.80091382348003,7.0
2026_04_LA_PHI,2026,4,2026-10-04,2026-10-01 12:01,live,0.5027640573807844,0.5494099666499808,0.4066302458405761,0.2732423006381114,-3.0
2026_04_MIA_MIN,2026,4,2026-10-04,2026-10-01 12:01,live,0.7794796591954489,0.7661589484023487,0.8223350253807106,10.150420999523892,10.5
2026_04_NE_BUF,2026,4,2026-10-04,2026-10-01 12:01,live,0.6615299528467128,0.668762161986487,0.7135512302607419,5.2757667138531374,6.5
2026_04_NYJ_CHI,2026,4,2026-10-04,2026-10-01 12:01,live,0.6802596653623064,0.6829885643767378,0.6092362344582594,6.392658445104336,3.5
2026_04_TEN_BAL,2026,4,2026-10-04,2026-10-01 12:01,live,0.843337343207582,0.8401242160495805,0.84,13.365040027222184,11.5
2026_04_ATL_NO,2026,4,2026-10-05,2026-10-05 19:13,live,0.49290857885935496,0.507894535707413,0.5217391304347826,-0.464038053947582,1.5
2026_05_TB_DAL,2026,5,2026-10-08,2026-10-05 19:13,live,0.7116303194553233,0.6847815433040064,0.7867435158501441,6.011434838708022,9.5
2026_05_BAL_ATL,2026,5,2026-10-11,2026-10-05 19:13,live,0.4213184855095433,0.38069227130903743,0.4170073589533933,-2.339594744631281,-2.5
2026_05_CHI_GB,2026,5,2026-10-11,2026-10-05 19:13,live,0.5506035182617669,0.5740434515420377,0.4170073589533933,0.3216411731509017,-3.0
2026_05_CIN_MIA,2026,5,2026-10-11,2026-10-05 19:13,live,0.3542031419637046,0.39481244922628617,0.2559309849029475,-4.848938197063266,-7.0
2026_05_CLE_NYJ,2026,5,2026-10-11,2026-10-05 19:13,live,0.5033660776215484,0.46138459214988703,0.5427435387673957,-0.0675305930792156,2.5
2026_05_DEN_LAC,2026,5,2026-10-11,2026-10-05 19:13,live,0.44496280431563556,0.42512198407707785,0.3775334481388264,-0.44356155564264155,-3.5
2026_05_DET_ARI,2026,5,2026-10-11,2026-10-05 19:13,live,0.3600144854703247,0.37684350659015114,0.34252477380439467,-4.113327439681604,-4.5
2026_05_HOU_TEN,2026,5,2026-10-11,2026-10-05 19:13,live,0.34227919959721903,0.35185718824556117,0.2559309849029475,-4.585831699421373,-7.0
2026_05_IND_PIT,2026,5,2026-10-11,2026-10-05 19:13,live,0.6500873397610523,0.6228453449790818,0.551441114716549,3.0142473818531164,2.5
2026_05_LV_NE,2026,5,2026-10-11,2026-10-05 19:13,live,0.6765555941322812,0.685265356041915,0.6309403437815976,6.741885926560034,3.5
2026_05_MIN_NO,2026,5,2026-10-11,2026-10-05 19:13,live,0.44966373318100505,0.4218108568687742,0.4739134147382802,-2.529378557866775,-1.5
2026_05_NYG_WAS,2026,5,2026-10-11,2026-10-05 19:13,live,0.3959471149973263,0.3564514876975854,0.6037569709421778,-3.183641513549136,3.0
2026_05_PHI_JAX,2026,5,2026-10-11,2026-10-05 19:13,live,0.7319653767839875,0.7014208184322062,0.705033164260632,7.521198777132552,6.5
2026_05_SF_SEA,2026,5,2026-10-11,2026-10-05 19:13,live,0.5004913904205125,0.5300448449348865,0.5720596355604638,0.6405823171457138,2.5
2026_05_BUF_LA,2026,5,2026-10-12,2026-10-05 19:13,live,0.5611475951929805,0.522659369693921,0.5829926410466066,1.4639914597886812,2.5
2026_06_SEA_DEN,2026,6,2026-10-15,2026-10-05 19:13,live,0.462406397355517,0.4544250140756913,,-1.2624759364910554,
2026_06_ARI_LA,2026,6,2026-10-18,2026-10-05 19:13,live,0.7886400919654785,0.7760343188501672,,10.18120915991786,
2026_06_BAL_CLE,2026,6,2026-10-18,2026-10-05 19:13,live,0.34625532903476963,0.34909539802753703,,-5.227512158502037,
2026_06_BUF_LV,2026,6,2026-10-18,2026-10-05 19:13,live,0.37860816919998275,0.36609791137513753,,-5.028890308792453,
2026_06_CAR_PHI,2026,6,2026-10-18,2026-10-05 19:13,live,0.5936601742279792,0.6036371187584196,,3.9235555662747728,
2026_06_CHI_ATL,2026,6,2026-10-18,2026-10-05 19:13,live,0.4715249435174312,0.47077862889370126,,-0.6306650249857029,
2026_06_DAL_GB,2026,6,2026-10-18,2026-10-05 19:13,live,0.5458028383184057,0.5652518340658398,,1.302881472176064,
2026_06_HOU_JAX,2026,6,2026-10-18,2026-10-05 19:13,live,0.6238778104665896,0.6045984864419053,,4.182406022362896,
2026_06_LAC_KC,2026,6,2026-10-18,2026-10-05 19:13,live,0.7876430597184766,0.7986295925874575,,9.613128711121487,
2026_06_NO_NYG,2026,6,2026-10-18,2026-10-05 19:13,live,0.5778849536967512,0.5989398690164135,,2.5346020894250447,
2026_06_NYJ_NE,2026,6,2026-10-18,2026-10-05 19:13,live,0.7544663392125915,0.7807725348844552,,8.791074630741724,
2026_06_PIT_TB,2026,6,2026-10-18,2026-10-05 19:13,live,0.4623119066019584,0.4910568711086844,,-0.5740415261031524,
2026_06_TEN_IND,2026,6,2026-10-18,2026-10-05 19:13,live,0.7728827588163341,0.7705100364472628,,10.04251395982407,
2026_06_WAS_SF,2026,6,2026-10-19,2026-10-05 19:13,live,0.8530612698574354,0.8461101192032673,,13.028140659576659,
2026_07_NE_CHI,2026,7,2026-10-22,2026-10-05 19:13,live,0.5964554395309967,0.5603142114233486,,2.808141973001228,
2026_07_CIN_BAL,2026,7,2026-10-25,2026-10-05 19:13,live,0.6000636477245084,0.6290761498766152,,3.6398741771469982,
2026_07_CLE_TEN,2026,7,2026-10-25,2026-10-05 19:13,live,0.4421121664676029,0.44558191169766476,,-2.019346880523202,
2026_07_DEN_ARI,2026,7,2026-10-25,2026-10-05 19:13,live,0.3723797927204706,0.36169277137177713,,-3.588614399722443,
2026_07_GB_DET,2026,7,2026-10-25,2026-10-05 19:13,live,0.6542517043775394,0.6275548300693187,,5.424786105681534,
2026_07_IND_MIN,2026,7,2026-10-25,2026-10-05 19:13,live,0.6937823482481468,0.6843512782867534,,6.578686955375817,
2026_07_KC_SEA,2026,7,2026-10-25,2026-10-05 19:13,live,0.6062205723010927,0.6169845492229896,,3.064871793363141,
2026_07_LA_LV,2026,7,2026-10-25,2026-10-05 19:13,live,0.39343619438662714,0.417012114518607,,-3.8037843184027027,
2026_07_MIA_NYJ,2026,7,2026-10-25,2026-10-05 19:13,live,0.5426325226799831,0.49218937348774977,,1.4213621232286846,
2026_07_NYG_HOU,2026,7,2026-10-25,2026-10-05 19:13,live,0.6379495850640866,0.637004961081198,,4.209529316501236,
2026_07_PIT_NO,2026,7,2026-10-25,2026-10-05 19:13,live,0.44536927292787837,0.4502263405370754,,-1.7799213146485218,
2026_07_SF_ATL,2026,7,2026-10-25,2026-10-05 19:13,live,0.31611264615339557,0.3226655559528457,,-4.798117719187179,
2026_07_TB_CAR,2026,7,2026-10-25,2026-10-05 19:13,live,0.6434397789595501,0.6692544375655592,,3.3860904381943757,
2026_07_DAL_PHI,2026,7,2026-10-26,2026-10-05 19:13,live,0.5283574169971148,0.5689266629027075,,1.456774081598055,
2026_08_CAR_GB,2026,8,2026-10-29,2026-10-05 19:13,live,0.6409818774128491,0.6255814802953784,,4.539696446098194,
2026_08_ARI_DAL,2026,8,2026-11-01,2026-10-05 19:13,live,0.7220075924459574,0.713102175586435,,7.285664584356127,
2026_08_ATL_TB,2026,8,2026-11-01,2026-10-05 19:13,live,0.46995998801440636,0.5127734931828707,,-0.3686363099704913,
2026_08_BAL_BUF,2026,8,2026-11-01,2026-10-05 19:13,live,0.6488536651878721,0.647975846303699,,4.898026136884448,
2026_08_CLE_PIT,2026,8,2026-11-01,2026-10-05 19:13,live,0.6463956144350356,0.6082038636142035,,4.9501776757646905,
2026_08_IND_JAX,2026,8,2026-11-01,2026-10-05 19:13,live,0.7137834993722214,0.6904359980949731,,7.003234367611683,
2026_08_KC_DEN,2026,8,2026-11-01,2026-10-05 19:13,live,0.4741525564590584,0.4787861995263118,,-1.4060280606955384,
2026_08_LAC_LA,2026,8,2026-11-01,2026-10-05 19:13,live,0.7138325041321792,0.7038888876477939,,6.45527540872183,
2026_08_LV_NYJ,2026,8,2026-11-01,2026-10-05 19:13,live,0.4890409119710757,0.46709896263495415,,0.09821058725271672,
2026_08_MIN_DET,2026,8,2026-11-01,2026-10-05 19:13,live,0.5095090375738173,0.4406163417068207,,-0.10984189403595024,
2026_08_NE_MIA,2026,8,2026-11-01,2026-10-05 19:13,live,0.2949832780594007,0.30971213525938623,,-6.3787216303883145,
2026_08_PHI_WAS,2026,8,2026-11-01,2026-10-05 19:13,live,0.46964215735282605,0.4248178226775686,,-1.334164276781127,
2026_08_TEN_CIN,2026,8,2026-11-01,2026-10-05 19:13,live,0.813911079728523,0.7928414168866911,,11.897336648087471,
2026_08_CHI_SEA,2026,8,2026-11-02,2026-10-05 19:13,live,0.663385579620059,0.6890181890438032,,5.062184943844436,
2026_09_JAX_BAL,2026,9,2026-11-05,2026-10-05 19:13,live,0.5441546897945261,0.5752959997125613,,1.8349428768872316,
2026_09_ARI_SEA,2026,9,2026-11-08,2026-10-05 19:13,live,0.8007631434438647,0.8100720083780676,,10.687126206800961,
2026_09_CIN_ATL,2026,9,2026-11-08,2026-10-05 19:13,live,0.4349687074354675,0.42966005813416663,,-1.825254759362537,
2026_09_CLE_NO,2026,9,2026-11-08,2026-10-05 19:13,live,0.6340141461252594,0.6088180048710672,,4.112323589889216,
2026_09_DAL_IND,2026,9,2026-11-08,2026-10-05 19:13,live,0.5779571238873533,0.6070330407352613,,2.9910211609821764,
2026_09_DEN_CAR,2026,9,2026-11-08,2026-10-05 19:13,live,0.5011665879129493,0.5248414298647333,,-0.13299185900594845,
2026_09_DET_MIA,2026,9,2026-11-08,2026-10-05 19:13,live,0.33492978579845506,0.39667822386913215,,-4.839296660179339,
2026_09_GB_NE,2026,9,2026-11-08,2026-10-05 19:13,live,0.624372736991647,0.6293205100779691,,4.806671732397099,
2026_09_HOU_LAC,2026,9,2026-11-08,2026-10-05 19:13,live,0.4744556882048194,0.4563986038502669,,0.261319700710682,
2026_09_LA_WAS,2026,9,2026-11-08,2026-10-05 19:13,live,0.3531142936552471,0.36076208910797375,,-4.996231327369167,
2026_09_LV_SF,2026,9,2026-11-08,2026-10-05 19:13,live,0.817980149556844,0.802762505708124,,11.168953239192273,
2026_09_NYG_PHI,2026,9,2026-11-08,2026-10-05 19:13,live,0.6099716149434266,0.6341265197434848,,3.481802346233144,
2026_09_NYJ_KC,2026,9,2026-11-08,2026-10-05 19:13,live,0.8091805114088844,0.826340720547913,,11.477265099890477,
2026_09_TB_CHI,2026,9,2026-11-08,2026-10-05 19:13,live,0.7312842396201841,0.7000677809454928,,7.077866233852555,
2026_09_BUF_MIN,2026,9,2026-11-09,2026-10-05 19:13,live,0.49998518707637263,0.4923486565137739,,0.07128076388115145,
2026_10_WAS_NYG,2026,10,2026-11-12,2026-10-05 19:13,live,0.6037781331887075,0.6420970514556307,,4.05789216148564,
2026_10_BUF_NYJ,2026,10,2026-11-15,2026-10-05 19:13,live,0.2934115182375785,0.2665145410053022,,-7.361514342170876,
2026_10_CAR_NO,2026,10,2026-11-15,2026-10-05 19:13,live,0.5441454704765802,0.5150064228907737,,2.0659739906105594,
2026_10_HOU_CLE,2026,10,2026-11-15,2026-10-05 19:13,live,0.4832573149676891,0.4926062198144859,,-0.11115209355455424,
2026_10_JAX_TEN,2026,10,2026-11-15,2026-10-05 19:13,live,0.2368755466856148,0.2627843038644181,,-9.343144374837543,
2026_10_KC_ATL,2026,10,2026-11-15,2026-10-05 19:13,live,0.4107413093229783,0.3802623876840144,,-2.439287972949679,
2026_10_LA_ARI,2026,10,2026-11-15,2026-10-05 19:13,live,0.29981256740486045,0.31541146806057796,,-6.340688226806129,
2026_10_MIA_IND,2026,10,2026-11-15,2026-10-05 19:13,live,0.7178923656723938,0.7167564911579579,,6.9446228111235815,
2026_10_MIN_GB,2026,10,2026-11-15,2026-10-05 19:13,live,0.5150901258938823,0.5038836693045659,,-0.4584703943684678,
2026_10_NE_DET,2026,10,2026-11-15,2026-10-05 19:13,live,0.5018361172484205,0.4552241307842161,,-0.16796287861515014,
2026_10_PIT_CIN,2026,10,2026-11-15,2026-10-05 19:13,live,0.5618120731429506,0.5563748042706801,,2.3119302174940612,
2026_10_SEA_LV,2026,10,2026-11-15,2026-10-05 19:13,live,0.3778050694862827,0.370140385472575,,-4.134671851847729,
2026_10_SF_DAL,2026,10,2026-11-15,2026-10-05 19:13,live,0.37276884082215145,0.38489182630695423,,-3.5133051314838566,
2026_10_LAC_BAL,2026,10,2026-11-16,2026-10-05 19:13,live,0.7309710392397542,0.753632828864441,,7.6102008939929044,
2026_11_IND_HOU,2026,11,2026-11-19,2026-10-05 19:13,live,0.5929286905482556,0.5866593434812043,,2.820217247485306,
2026_11_ARI_KC,2026,11,2026-11-22,2026-10-05 19:13,live,0.8067104526286992,0.8117903022191008,,11.316896810827176,
2026_11_BAL_CAR,2026,11,2026-11-22,2026-10-05 19:13,live,0.4346570096511877,0.43843536257527294,,-3.105641601606612,
2026_11_JAX_NYG,2026,11,2026-11-22,2026-10-05 19:13,live,0.3817976561479205,0.4159362035283347,,-3.9604751882885667,
2026_11_LV_DEN,2026,11,2026-11-22,2026-10-05 19:13,live,0.693960702991948,0.6965212851317388,,6.435193986692751,
2026_11_MIA_BUF,2026,11,2026-11-22,2026-10-05 19:13,live,0.8154877446592714,0.8123223795156839,,11.864652611381395,
2026_11_MIN_SF,2026,11,2026-11-22,2026-10-05 19:13,live,0.627191495909835,0.5728270451834988,,2.78372105498637,
2026_11_NO_CHI,2026,11,2026-11-22,2026-10-05 19:13,live,0.6918679076984677,0.6804548204384279,,6.046672024823781,
2026_11_NYJ_LAC,2026,11,2026-11-22,2026-10-05 19:13,live,0.6445224438481215,0.6554537159946066,,5.226121338117083,
2026_11_PIT_PHI,2026,11,2026-11-22,2026-10-05 19:13,live,0.630966475873424,0.6700357155069911,,3.724192028443616,
2026_11_TB_DET,2026,11,2026-11-22,2026-10-05 19:13,live,0.7223051981215474,0.6828730472204714,,6.684341675935849,
2026_11_TEN_DAL,2026,11,2026-11-22,2026-10-05 19:13,live,0.7667264123119205,0.7385363484833182,,9.094253466018984,
2026_11_CIN_WAS,2026,11,2026-11-23,2026-10-05 19:13,live,0.4786330135831677,0.479614689408109,,-1.3526825617134839,
2026_12_GB_LA,2026,12,2026-11-25,2026-10-05 19:13,live,0.6867284401926502,0.663348998010792,,6.542231959020297,
2026_12_CHI_DET,2026,12,2026-11-26,2026-10-05 19:13,live,0.5786411815853083,0.5821047395336213,,2.346335222024188,
2026_12_KC_BUF,2026,12,2026-11-26,2026-10-05 19:13,live,0.5826667537949238,0.6003942161442146,,2.9168675948524037,
2026_12_PHI_DAL,2026,12,2026-11-26,2026-10-05 19:13,live,0.5126028601323718,0.4708249363346618,,0.22509387017539384,
2026_12_DEN_PIT,2026,12,2026-11-27,2026-10-05 19:13,live,0.5364538706529447,0.5134136083116119,,1.8086705890159671,
2026_12_ATL_MIN,2026,12,2026-11-29,2026-10-05 19:13,live,0.6610363910526645,0.713318823689785,,5.619219684923486,
2026_12_BAL_HOU,2026,12,2026-11-29,2026-10-05 19:13,live,0.49757893708528633,0.4911570101800915,,-1.0606275815757114,
2026_12_LV_CLE,2026,12,2026-11-29,2026-10-05 19:13,live,0.5659292209299515,0.5844899758419224,,2.3165004254095316,
2026_12_NE_LAC,2026,12,2026-11-29,2026-10-05 19:13,live,0.401634329422342,0.37617090449491836,,-2.7924166867168356,
2026_12_NO_CIN,2026,12,2026-11-29,2026-10-05 19:13,live,0.6468595163705979,0.6396525824439133,,4.841082725161394,
2026_12_NYG_IND,2026,12,2026-11-29,2026-10-05 19:13,live,0.6408888373401336,0.6514127107786643,,4.412113266950012,
2026_12_NYJ_MIA,2026,12,2026-11-29,2026-10-05 19:13,live,0.5371278884410828,0.5862953600041444,,1.6693335108386034,
2026_12_SEA_SF,2026,12,2026-11-29,2026-10-05 19:13,live,0.5694208547265946,0.5398430423310144,,1.8837330903289486,
2026_12_TEN_JAX,2026,12,2026-11-29,2026-10-05 19:13,live,0.8464947127012817,0.8275239554692924,,13.739927852443287,
2026_12_WAS_ARI,2026,12,2026-11-29,2026-10-05 19:13,live,0.5236914334238474,0.5354214842331562,,1.0670645109817032,
2026_12_CAR_TB,2026,12,2026-11-30,2026-10-05 19:13,live,0.4957820522598645,0.46718484533949084,,1.3682617620791382,
2026_13_KC_LA,2026,13,2026-12-03,2026-10-05 19:13,live,0.5683896514089707,0.5368366091946657,,1.6451237780007832,
2026_13_BUF_NE,2026,13,2026-12-06,2026-10-05 19:13,live,0.49242708091572174,0.4842612128795649,,-0.326680350229136,
2026_13_CAR_MIN,2026,13,2026-12-06,2026-10-05 19:13,live,0.684351144756315,0.6702331584243729,,6.860416600203209,
2026_13_CIN_CLE,2026,13,2026-12-06,2026-10-05 19:13,live,0.44162880074904043,0.47754067190622146,,-1.997022301048347,
2026_13_DET_ATL,2026,13,2026-12-06,2026-10-05 19:13,live,0.46595587019128026,0.46236691720040735,,-0.5500287153806531,
2026_13_GB_NO,2026,13,2026-12-06,2026-10-05 19:13,live,0.47955037783439997,0.46931690222983996,,0.025134022059007465,
2026_13_HOU_PIT,2026,13,2026-12-06,2026-10-05 19:13,live,0.5599076993603849,0.5394779874933211,,2.0857879660472816,
2026_13_JAX_CHI,2026,13,2026-12-06,2026-10-05 19:13,live,0.5026608615898229,0.4978728142375679,,0.035809531667502614,
2026_13_LAC_TB,2026,13,2026-12-06,2026-10-05 19:13,live,0.4903512605790717,0.5152533615957033,,-0.1131991421767586,
2026_13_MIA_DEN,2026,13,2026-12-06,2026-10-05 19:13,live,0.7654526239693424,0.7458312544379516,,8.42585994026345,
2026_13_PHI_ARI,2026,13,2026-12-06,2026-10-05 19:13,live,0.36520174677347506,0.3371875581926275,,-4.424944150548583,
2026_13_SF_NYG,2026,13,2026-12-06,2026-10-05 19:13,live,0.3391301938082168,0.3816477114311284,,-4.367492406992945,
2026_13_WAS_TEN,2026,13,2026-12-06,2026-10-05 19:13,live,0.4373147271717643,0.47761525793963866,,-1.737881837054552,
2026_13_DAL_SEA,2026,13,2026-12-07,2026-10-05 19:13,live,0.7167056423343582,0.7373048199847987,,7.501314961751142,
2026_14_MIN_NE,2026,14,2026-12-10,2026-10-05 19:13,live,0.5720977376961555,0.5674608703713236,,1.8402724296665902,
2026_14_ATL_CLE,2026,14,2026-12-13,2026-10-05 19:13,live,0.5217070030977052,0.5701878669052315,,0.35503875192815404,
2026_14_BUF_GB,2026,14,2026-12-13,2026-10-05 19:13,live,0.4400228131832979,0.4302959388041529,,-2.1827947297753916,
2026_14_CHI_MIA,2026,14,2026-12-13,2026-10-05 19:13,live,0.39794040891866445,0.44918690417549934,,-2.9191628948359987,
2026_14_DEN_NYJ,2026,14,2026-12-13,2026-10-05 19:13,live,0.4360323517484886,0.40561479157057145,,-1.6214064646724138,
2026_14_HOU_WAS,2026,14,2026-12-13,2026-10-05 19:13,live,0.4762806025987561,0.4529168545648894,,-0.868802628691119,
2026_14_IND_PHI,2026,14,2026-12-13,2026-10-05 19:13,live,0.6007422414785482,0.6086900769969107,,3.2933198460096644,
2026_14_KC_CIN,2026,14,2026-12-13,2026-10-05 19:13,live,0.4494067306679096,0.4286767025708726,,-1.5649559763169698,
2026_14_LAC_LV,2026,14,2026-12-13,2026-10-05 19:13,live,0.5833258655541906,0.5956082809368541,,1.6768067374439846,
2026_14_LA_SF,2026,14,2026-12-13,2026-10-05 19:13,live,0.6053523506416368,0.598319633357128,,3.079612485557859,
2026_14_NO_CAR,2026,14,2026-12-13,2026-10-05 19:13,live,0.576297415062611,0.6043805738441774,,2.030257780752564,
2026_14_NYG_SEA,2026,14,2026-12-13,2026-10-05 19:13,live,0.7503628451482219,0.7515568762024154,,8.240611120446616,
2026_14_TB_BAL,2026,14,2026-12-13,2026-10-05 19:13,live,0.7962854790342522,0.808657690307071,,10.449868202330666,
2026_14_TEN_DET,2026,14,2026-12-13,2026-10-05 19:13,live,0.8077937771259257,0.7736291908351853,,11.280237580540586,
2026_14_PIT_JAX,2026,14,2026-12-14,2026-10-05 19:13,live,0.6892975443667262,0.6841168670886592,,6.189762290984342,
2026_15_SF_LAC,2026,15,2026-12-17,2026-10-05 19:13,live,0.36620199891768473,0.3814666642143592,,-3.127296722765776,
2026_15_CHI_BUF,2026,15,2026-12-19,2026-10-05 19:13,live,0.677876501962041,0.7075777605391302,,6.3015239829838645,
2026_15_SEA_PHI,2026,15,2026-12-19,2026-10-05 19:13,live,0.4637560457761145,0.4796162212524056,,-1.1528411495097415,
2026_15_ATL_WAS,2026,15,2026-12-20,2026-10-05 19:13,live,0.5219562145629716,0.5296248186077319,,-0.14253655852886538,
2026_15_BAL_PIT,2026,15,2026-12-20,2026-10-05 19:13,live,0.46809604804046784,0.434401299616666,,-1.3361081706765183,
2026_15_CIN_CAR,2026,15,2026-12-20,2026-10-05 19:13,live,0.49043851700660834,0.5301961830029389,,-1.1421084120305123,
2026_15_CLE_NYG,2026,15,2026-12-20,2026-10-05 19:13,live,0.6081430847561031,0.5933209739340926,,3.5339781364689293,
2026_15_DAL_LA,2026,15,2026-12-20,2026-10-05 19:13,live,0.6661387869295582,0.659691874323845,,5.471675536772391,
2026_15_DEN_LV,2026,15,2026-12-20,2026-10-05 19:13,live,0.429225885913873,0.4260749417745335,,-2.3115093399439868,
2026_15_DET_MIN,2026,15,2026-12-20,2026-10-05 19:13,live,0.5933825460413111,0.657466025200076,,3.5918531940581477,
2026_15_IND_TEN,2026,15,2026-12-20,2026-10-05 19:13,live,0.3442420459863364,0.3469629039215003,,-5.2247847237121725,
2026_15_JAX_HOU,2026,15,2026-12-20,2026-10-05 19:13,live,0.48251463499385694,0.502929176044292,,-0.5911701573950521,
2026_15_MIA_GB,2026,15,2026-12-20,2026-10-05 19:13,live,0.7292452858923119,0.714373656296206,,6.658402649795047,
2026_15_NO_TB,2026,15,2026-12-20,2026-10-05 19:13,live,0.49328399475668533,0.5082841445561209,,0.42912532184365676,
2026_15_NYJ_ARI,2026,15,2026-12-20,2026-10-05 19:13,live,0.5931877545667694,0.6093996810080569,,2.7189840433731587,
2026_15_NE_KC,2026,15,2026-12-21,2026-10-05 19:13,live,0.6226025763525423,0.6101463313446842,,4.171374807632372,
2026_16_HOU_PHI,2026,16,2026-12-24,2026-10-05 19:13,live,0.5949159732319386,0.6094848237894724,,3.045324033065508,
2026_16_BUF_DEN,2026,16,2026-12-25,2026-10-05 19:13,live,0.5037063901894343,0.48902421420716935,,-0.7017033935776869,
2026_16_GB_CHI,2026,16,2026-12-25,2026-10-05 19:13,live,0.580805943921243,0.5571039102517218,,3.214443678906852,
2026_16_LA_SEA,2026,16,2026-12-25,2026-10-05 19:13,live,0.5932309793370597,0.624068103035244,,3.117810935965923,
2026_16_ARI_NO,2026,16,2026-12-27,2026-10-05 19:13,live,0.663020003794593,0.6614827919358227,,5.5251186683888855,
2026_16_CAR_PIT,2026,16,2026-12-27,2026-10-05 19:13,live,0.6288173998146013,0.5864873906614003,,4.581978043281882,
2026_16_CIN_IND,2026,16,2026-12-27,2026-10-05 19:13,live,0.5515868241465319,0.578143870145184,,1.4224653577286475,
2026_16_CLE_BAL,2026,16,2026-12-27,2026-10-05 19:13,live,0.7178733483962046,0.7155152400885615,,7.8166367407894235,
2026_16_JAX_DAL,2026,16,2026-12-27,2026-10-05 19:13,live,0.45636438694633924,0.45738072071683367,,-1.5920134611036754,
2026_16_LAC_MIA,2026,16,2026-12-27,2026-10-05 19:13,live,0.46273294269869947,0.5051704111644275,,-1.2170566786847632,
2026_16_NE_NYJ,2026,16,2026-12-27,2026-10-05 19:13,live,0.35481619496796923,0.3221378732952466,,-4.821291512121034,
2026_16_SF_KC,2026,16,2026-12-27,2026-10-05 19:13,live,0.48365279206721173,0.5166113638231443,,0.10372389804905435,
2026_16_TB_ATL,2026,16,2026-12-27,2026-10-05 19:13,live,0.6498523906667629,0.6097841557522655,,4.667437609059913,
2026_16_TEN_LV,2026,16,2026-12-27,2026-10-05 19:13,live,0.7111614056599216,0.6950760494665885,,6.654796611031212,
2026_16_WAS_MIN,2026,16,2026-12-27,2026-10-05 19:13,live,0.7062775442229327,0.7471182556446672,,7.5888835451181915,
2026_16_NYG_DET,2026,16,2026-12-28,2026-10-05 19:13,live,0.6826402944094,0.6335889641864892,,5.749732488799866,
2026_17_BAL_CIN,2026,17,2026-12-31,2026-10-05 19:13,live,0.5038364040186112,0.4728921948390237,,0.03301362163957422,
2026_17_BUF_MIA,2026,17,2027-01-03,2026-10-05 19:13,live,0.2780688305544436,0.28217901658250577,,-7.656879691727962,
2026_17_DEN_NE,2026,17,2027-01-03,2026-10-05 19:13,live,0.5969073715878616,0.6051758157621939,,3.782796747615952,
2026_17_DET_CHI,2026,17,2027-01-03,2026-10-05 19:13,live,0.5513203632533509,0.5479287817426686,,1.3421412677361575,
2026_17_IND_CLE,2026,17,2027-01-03,2026-10-05 19:13,live,0.5065054581160944,0.5064134549081454,,0.3380669350913683,
2026_17_KC_LAC,2026,17,2027-01-03,2026-10-05 19:13,live,0.4098001773719208,0.39368669444739485,,-2.4380230385546597,
2026_17_LA_TB,2026,17,2027-01-03,2026-10-05 19:13,live,0.3245398840270753,0.36341799304707095,,-4.9264206203572725,
2026_17_LV_ARI,2026,17,2027-01-03,2026-10-05 19:13,live,0.5038039119010546,0.4974032791808747,,0.5435348038325757,
2026_17_MIN_NYJ,2026,17,2027-01-03,2026-10-05 19:13,live,0.36936127519554074,0.321699140768323,,-4.759121649011309,
2026_17_NO_ATL,2026,17,2027-01-03,2026-10-05 19:13,live,0.5773147585171834,0.562836997568382,,2.6676745770426553,
2026_17_NYG_DAL,2026,17,2027-01-03,2026-10-05 19:13,live,0.6007378346860768,0.5630446156110137,,2.7390521308089046,
2026_17_PHI_SF,2026,17,2027-01-03,2026-10-05 19:13,live,0.6870221405305171,0.6505235375950333,,5.835636669840168,
2026_17_PIT_TEN,2026,17,2027-01-03,2026-10-05 19:13,live,0.3603091648635008,0.39620720917859165,,-4.670689634901901,
2026_17_SEA_CAR,2026,17,2027-01-03,2026-10-05 19:13,live,0.3639462156257611,0.37336443985390855,,-4.682049800753411,
2026_17_WAS_JAX,2026,17,2027-01-03,2026-10-05 19:13,live,0.745763675268043,0.7446445196363861,,8.770306731453394,
2026_17_HOU_GB,2026,17,2027-01-04,2026-10-05 19:13,live,0.5746724793926795,0.5719598122704319,,1.655495828091519,
2026_18_ATL_CAR,2026,18,2027-01-10,2026-10-05 19:13,live,0.5329604731848897,0.585410901835684,,0.31270088133748625,
2026_18_CHI_MIN,2026,18,2027-01-10,2026-10-05 19:13,live,0.6091930627099555,0.6597771819970388,,4.039909680897778,
2026_18_CLE_CIN,2026,18,2027-01-10,2026-10-05 19:13,live,0.6694562548943834,0.6366182273197859,,5.673451951225902,
2026_18_DAL_WAS,2026,18,2027-01-10,2026-10-05 19:13,live,0.5050032438069608,0.5055220729957225,,0.2539252009782851,
2026_18_DET_GB,2026,18,2027-01-10,2026-10-05 19:13,live,0.5145551204649228,0.543616608046106,,-0.035900343512479616,
2026_18_JAX_IND,2026,18,2027-01-10,2026-10-05 19:13,live,0.44616862788045525,0.47399924480513345,,-1.5256039588052033,
2026_18_LAC_DEN,2026,18,2027-01-10,2026-10-05 19:13,live,0.6550336373680472,0.6727269642669587,,4.277698045864956,
2026_18_LV_KC,2026,18,2027-01-10,2026-10-05 19:13,live,0.7194740446027165,0.7193856749507246,,7.984566649237421,
2026_18_MIA_NE,2026,18,2027-01-10,2026-10-05 19:13,live,0.7477513226005367,0.7343364365368107,,8.34210036462094,
2026_18_NYJ_BUF,2026,18,2027-01-10,2026-10-05 19:13,live,0.819064025689982,0.838268676200049,,11.417617184267645,
2026_18_PHI_NYG,2026,18,2027-01-10,2026-10-05 19:13,live,0.45635197129743704,0.4310361979004105,,-0.9961709852146104,
2026_18_PIT_BAL,2026,18,2027-01-10,2026-10-05 19:13,live,0.6488567152622146,0.6791112367254232,,5.326453607394646,
2026_18_SEA_LA,2026,18,2027-01-10,2026-10-05 19:13,live,0.5389446494009948,0.5065798631166708,,1.2718342312336852,
2026_18_SF_ARI,2026,18,2027-01-10,2026-10-05 19:13,live,0.2655512463383233,0.28198288073668243,,-7.4350782573663174,
2026_18_TB_NO,2026,18,2027-01-10,2026-10-05 19:13,live,0.6184595917883317,0.604104517692113,,3.3352845823820267,
2026_18_TEN_HOU,2026,18,2027-01-10,2026-10-05 19:13,live,0.7786595608056537,0.7711270989628218,,10.01839148559393,
