captured_at,game_id,market,side,line,odds,handle_pct,bets_pct,source
2026-10-06T08:27:32Z,2026_01_DAL_NYG,moneyline,NYG,,145,28,13,action_network
2026-10-06T08:27:32Z,2026_01_DAL_NYG,moneyline,DAL,,-170,72,87,action_network
2026-10-06T08:27:32Z,2026_01_DAL_NYG,spread,DAL,-3.0,-115,69,61,action_network
2026-10-06T08:27:32Z,2026_01_DAL_NYG,spread,NYG,3.0,-105,31,39,action_network
2026-10-06T08:27:32Z,2026_01_DAL_NYG,total,over,47.5,-110,12,15,action_network
2026-10-06T08:27:32Z,2026_01_DAL_NYG,total,under,47.5,-108,88,85,action_network
2026-10-06T08:27:32Z,2026_01_DEN_KC,moneyline,DEN,,110,37,37,action_network
2026-10-06T08:27:32Z,2026_01_DEN_KC,moneyline,KC,,-130,63,63,action_network
2026-10-06T08:27:32Z,2026_01_DEN_KC,spread,DEN,2.5,-113,79,74,action_network
2026-10-06T08:27:32Z,2026_01_DEN_KC,spread,KC,-2.5,-106,21,26,action_network
2026-10-06T08:27:32Z,2026_01_DEN_KC,total,over,42.5,-110,37,24,action_network
2026-10-06T08:27:32Z,2026_01_DEN_KC,total,under,42.5,-110,63,76,action_network
2026-10-06T08:27:32Z,2026_02_DET_BUF,moneyline,BUF,,-250,84,91,action_network
2026-10-06T08:27:32Z,2026_02_DET_BUF,moneyline,DET,,200,16,9,action_network
2026-10-06T08:27:32Z,2026_02_DET_BUF,spread,DET,5.5,-112,39,50,action_network
2026-10-06T08:27:32Z,2026_02_DET_BUF,spread,BUF,-5.5,-107,61,50,action_network
2026-10-06T08:27:32Z,2026_02_DET_BUF,total,under,54.5,-105,34,83,action_network
2026-10-06T08:27:32Z,2026_02_DET_BUF,total,over,54.5,-115,66,17,action_network
2026-10-06T08:27:32Z,2026_02_IND_KC,moneyline,KC,,-282,90,97,action_network
2026-10-06T08:27:32Z,2026_02_IND_KC,moneyline,IND,,230,10,3,action_network
2026-10-06T08:27:32Z,2026_02_IND_KC,spread,KC,-6.0,-106,59,81,action_network
2026-10-06T08:27:32Z,2026_02_IND_KC,spread,IND,6.0,-105,41,19,action_network
2026-10-06T08:27:32Z,2026_02_IND_KC,total,over,45.5,-112,27,35,action_network
2026-10-06T08:27:32Z,2026_02_IND_KC,total,under,45.5,-109,73,65,action_network
2026-10-06T08:27:32Z,2026_02_NYG_LA,moneyline,NYG,,240,21,18,action_network
2026-10-06T08:27:32Z,2026_02_NYG_LA,moneyline,LA,,-300,79,82,action_network
2026-10-06T08:27:32Z,2026_02_NYG_LA,spread,NYG,6.5,-105,61,58,action_network
2026-10-06T08:27:32Z,2026_02_NYG_LA,spread,LA,-6.5,-108,39,42,action_network
2026-10-06T08:27:32Z,2026_02_NYG_LA,total,under,47.5,-112,40,38,action_network
2026-10-06T08:27:32Z,2026_02_NYG_LA,total,over,47.5,-108,60,62,action_network
2026-10-06T08:27:32Z,2026_03_ATL_GB,moneyline,ATL,,205,46,11,action_network
2026-10-06T08:27:32Z,2026_03_ATL_GB,moneyline,GB,,-250,54,89,action_network
2026-10-06T08:27:32Z,2026_03_ATL_GB,spread,GB,-4.5,-115,40,53,action_network
2026-10-06T08:27:32Z,2026_03_ATL_GB,spread,ATL,4.5,-104,60,47,action_network
2026-10-06T08:27:32Z,2026_03_ATL_GB,total,over,43.5,-102,55,50,action_network
2026-10-06T08:27:32Z,2026_03_ATL_GB,total,under,43.5,-116,45,50,action_network
2026-10-06T08:27:32Z,2026_03_LA_DEN,moneyline,DEN,,-113,65,23,action_network
2026-10-06T08:27:32Z,2026_03_LA_DEN,moneyline,LA,,-108,35,77,action_network
2026-10-06T08:27:32Z,2026_03_LA_DEN,spread,DEN,-1.0,-105,61,41,action_network
2026-10-06T08:27:32Z,2026_03_LA_DEN,spread,LA,1.0,-116,39,59,action_network
2026-10-06T08:27:32Z,2026_03_LA_DEN,total,under,44.5,-111,61,54,action_network
2026-10-06T08:27:32Z,2026_03_LA_DEN,total,over,44.5,-107,39,46,action_network
2026-10-06T08:27:32Z,2026_03_PHI_CHI,moneyline,PHI,,-205,87,91,action_network
2026-10-06T08:27:32Z,2026_03_PHI_CHI,moneyline,CHI,,165,13,9,action_network
2026-10-06T08:27:32Z,2026_03_PHI_CHI,spread,CHI,3.5,-107,27,42,action_network
2026-10-06T08:27:32Z,2026_03_PHI_CHI,spread,PHI,-3.5,-109,73,58,action_network
2026-10-06T08:27:32Z,2026_03_PHI_CHI,total,under,42.5,-110,41,45,action_network
2026-10-06T08:27:32Z,2026_03_PHI_CHI,total,over,42.5,-110,59,55,action_network
2026-10-06T08:27:32Z,2026_04_PIT_CLE,moneyline,CLE,,135,14,26,action_network
2026-10-06T08:27:32Z,2026_04_PIT_CLE,moneyline,PIT,,-161,86,74,action_network
2026-10-06T08:27:32Z,2026_04_PIT_CLE,spread,PIT,-3.0,-115,47,41,action_network
2026-10-06T08:27:32Z,2026_04_PIT_CLE,spread,CLE,3.0,-102,53,59,action_network
2026-10-06T08:27:32Z,2026_04_PIT_CLE,total,under,38.5,-112,31,33,action_network
2026-10-06T08:27:32Z,2026_04_PIT_CLE,total,over,38.5,-107,69,67,action_network
2026-10-06T08:27:32Z,2026_04_DET_CAR,moneyline,DET,,-232,91,88,action_network
2026-10-06T08:27:32Z,2026_04_DET_CAR,moneyline,CAR,,192,9,12,action_network
2026-10-06T08:27:32Z,2026_04_DET_CAR,spread,CAR,4.5,-110,44,37,action_network
2026-10-06T08:27:32Z,2026_04_DET_CAR,spread,DET,-4.5,-105,56,63,action_network
2026-10-06T08:27:32Z,2026_04_DET_CAR,total,under,52.5,-110,13,30,action_network
2026-10-06T08:27:32Z,2026_04_DET_CAR,total,over,52.5,-110,87,70,action_network
2026-10-06T08:27:32Z,2026_04_ATL_NO,moneyline,NO,,-115,20,64,action_network
2026-10-06T08:27:32Z,2026_04_ATL_NO,moneyline,ATL,,-105,80,36,action_network
2026-10-06T08:27:32Z,2026_04_ATL_NO,spread,ATL,1.5,-117,75,61,action_network
2026-10-06T08:27:32Z,2026_04_ATL_NO,spread,NO,-1.5,-103,25,39,action_network
2026-10-06T08:27:32Z,2026_04_ATL_NO,total,under,47.5,-110,25,33,action_network
2026-10-06T08:27:32Z,2026_04_ATL_NO,total,over,47.5,-110,75,67,action_network
2026-10-06T08:31:23Z,2023_05_CHI_WAS,moneyline,CHI,,205,39,26,action_network
2026-10-06T08:31:23Z,2023_05_CHI_WAS,moneyline,WAS,,-255,61,74,action_network
2026-10-06T08:31:23Z,2023_05_CHI_WAS,spread,WAS,-6.0,-110,41,32,action_network
2026-10-06T08:31:23Z,2023_05_CHI_WAS,spread,CHI,6.0,-110,59,68,action_network
2026-10-06T08:31:23Z,2023_05_CHI_WAS,total,over,44.5,-115,72,77,action_network
2026-10-06T08:31:23Z,2023_05_CHI_WAS,total,under,44.5,-110,28,23,action_network
2026-10-06T08:31:23Z,2023_05_DAL_SF,moneyline,SF,,-180,73,85,action_network
2026-10-06T08:31:23Z,2023_05_DAL_SF,moneyline,DAL,,150,27,15,action_network
2026-10-06T08:31:23Z,2023_05_DAL_SF,spread,SF,-3.5,-106,80,65,action_network
2026-10-06T08:31:23Z,2023_05_DAL_SF,spread,DAL,3.5,-115,20,35,action_network
2026-10-06T08:31:23Z,2023_05_DAL_SF,total,over,45.0,-110,17,62,action_network
2026-10-06T08:31:23Z,2023_05_DAL_SF,total,under,45.0,-110,83,38,action_network
2026-10-06T08:31:23Z,2023_05_GB_LV,moneyline,LV,,-122,12,25,action_network
2026-10-06T08:31:23Z,2023_05_GB_LV,moneyline,GB,,102,88,75,action_network
2026-10-06T08:31:23Z,2023_05_GB_LV,spread,LV,-1.5,-110,60,50,action_network
2026-10-06T08:31:23Z,2023_05_GB_LV,spread,GB,1.5,-110,40,50,action_network
2026-10-06T08:31:23Z,2023_05_GB_LV,total,over,45.0,-112,89,51,action_network
2026-10-06T08:31:23Z,2023_05_GB_LV,total,under,45.0,-111,11,49,action_network
2026-10-06T08:31:23Z,2023_06_DEN_KC,moneyline,DEN,,430,3,9,action_network
2026-10-06T08:31:23Z,2023_06_DEN_KC,moneyline,KC,,-590,97,91,action_network
2026-10-06T08:31:23Z,2023_06_DEN_KC,spread,DEN,10.5,-110,63,56,action_network
2026-10-06T08:31:23Z,2023_06_DEN_KC,spread,KC,-10.5,-110,37,44,action_network
2026-10-06T08:31:23Z,2023_06_DEN_KC,total,over,47.5,-108,25,43,action_network
2026-10-06T08:31:23Z,2023_06_DEN_KC,total,under,47.5,-112,75,57,action_network
2026-10-06T08:31:23Z,2023_06_NYG_BUF,moneyline,NYG,,750,67,10,action_network
2026-10-06T08:31:23Z,2023_06_NYG_BUF,moneyline,BUF,,-1200,33,90,action_network
2026-10-06T08:31:23Z,2023_06_NYG_BUF,spread,NYG,15.5,-111,65,49,action_network
2026-10-06T08:31:23Z,2023_06_NYG_BUF,spread,BUF,-15.5,-109,35,51,action_network
2026-10-06T08:31:23Z,2023_06_NYG_BUF,total,over,43.5,-110,64,61,action_network
2026-10-06T08:31:23Z,2023_06_NYG_BUF,total,under,43.5,-110,36,39,action_network
2026-10-06T08:31:23Z,2023_06_DAL_LAC,moneyline,DAL,,-120,71,62,action_network
2026-10-06T08:31:23Z,2023_06_DAL_LAC,moneyline,LAC,,102,29,38,action_network
2026-10-06T08:31:23Z,2023_06_DAL_LAC,spread,DAL,-1.5,-110,44,48,action_network
2026-10-06T08:31:23Z,2023_06_DAL_LAC,spread,LAC,1.5,-110,56,52,action_network
2026-10-06T08:31:23Z,2023_06_DAL_LAC,total,over,49.5,-112,17,46,action_network
2026-10-06T08:31:23Z,2023_06_DAL_LAC,total,under,49.5,-110,83,54,action_network
2026-10-06T08:31:23Z,2023_07_JAX_NO,moneyline,JAX,,118,24,32,action_network
2026-10-06T08:31:23Z,2023_07_JAX_NO,moneyline,NO,,-140,76,68,action_network
2026-10-06T08:31:23Z,2023_07_JAX_NO,spread,JAX,2.0,-110,31,41,action_network
2026-10-06T08:31:23Z,2023_07_JAX_NO,spread,NO,-2.0,-110,69,59,action_network
2026-10-06T08:31:23Z,2023_07_JAX_NO,total,under,41.0,-110,82,73,action_network
2026-10-06T08:31:23Z,2023_07_JAX_NO,total,over,41.0,-112,18,27,action_network
2026-10-06T08:31:23Z,2023_07_MIA_PHI,moneyline,MIA,,130,25,40,action_network
2026-10-06T08:31:23Z,2023_07_MIA_PHI,moneyline,PHI,,-155,75,60,action_network
2026-10-06T08:31:23Z,2023_07_MIA_PHI,spread,PHI,-3.0,-110,68,52,action_network
2026-10-06T08:31:23Z,2023_07_MIA_PHI,spread,MIA,3.0,-110,32,48,action_network
2026-10-06T08:31:23Z,2023_07_MIA_PHI,total,under,52.0,-120,48,39,action_network
2026-10-06T08:31:23Z,2023_07_MIA_PHI,total,over,52.0,-110,52,61,action_network
2026-10-06T08:31:23Z,2023_07_SF_MIN,moneyline,SF,,-310,83,90,action_network
2026-10-06T08:31:23Z,2023_07_SF_MIN,moneyline,MIN,,250,17,10,action_network
2026-10-06T08:31:23Z,2023_07_SF_MIN,spread,SF,-7.0,-104,51,55,action_network
2026-10-06T08:31:23Z,2023_07_SF_MIN,spread,MIN,7.0,-116,49,45,action_network
2026-10-06T08:31:23Z,2023_07_SF_MIN,total,over,44.0,-110,57,61,action_network
2026-10-06T08:31:23Z,2023_07_SF_MIN,total,under,44.0,-110,43,39,action_network
2026-10-06T08:31:23Z,2023_08_TB_BUF,moneyline,TB,,380,22,14,action_network
2026-10-06T08:31:23Z,2023_08_TB_BUF,moneyline,BUF,,-500,78,86,action_network
2026-10-06T08:31:23Z,2023_08_TB_BUF,spread,TB,10.0,-110,32,45,action_network
2026-10-06T08:31:23Z,2023_08_TB_BUF,spread,BUF,-10.0,-110,68,55,action_network
2026-10-06T08:31:23Z,2023_08_TB_BUF,total,under,43.0,-110,36,32,action_network
2026-10-06T08:31:23Z,2023_08_TB_BUF,total,over,43.0,-110,64,68,action_network
2026-10-06T08:31:23Z,2023_08_CHI_LAC,moneyline,LAC,,-470,41,81,action_network
2026-10-06T08:31:23Z,2023_08_CHI_LAC,moneyline,CHI,,360,59,19,action_network
2026-10-06T08:31:23Z,2023_08_CHI_LAC,spread,CHI,10.0,-110,33,57,action_network
2026-10-06T08:31:23Z,2023_08_CHI_LAC,spread,LAC,-10.0,-110,67,43,action_network
2026-10-06T08:31:23Z,2023_08_CHI_LAC,total,over,46.0,-108,54,52,action_network
2026-10-06T08:31:23Z,2023_08_CHI_LAC,total,under,46.0,-112,46,48,action_network
2026-10-06T08:31:23Z,2023_08_LV_DET,moneyline,LV,,280,33,9,action_network
2026-10-06T08:31:23Z,2023_08_LV_DET,moneyline,DET,,-350,67,91,action_network
2026-10-06T08:31:23Z,2023_08_LV_DET,spread,LV,7.0,-110,14,18,action_network
2026-10-06T08:31:23Z,2023_08_LV_DET,spread,DET,-7.0,-110,86,82,action_network
2026-10-06T08:31:23Z,2023_08_LV_DET,total,over,46.0,-112,50,55,action_network
2026-10-06T08:31:23Z,2023_08_LV_DET,total,under,46.0,-108,50,45,action_network
2026-10-06T08:31:23Z,2023_09_TEN_PIT,moneyline,TEN,,150,47,32,action_network
2026-10-06T08:31:23Z,2023_09_TEN_PIT,moneyline,PIT,,-178,53,68,action_network
2026-10-06T08:31:23Z,2023_09_TEN_PIT,spread,TEN,3.5,-115,40,41,action_network
2026-10-06T08:31:23Z,2023_09_TEN_PIT,spread,PIT,-3.5,-105,60,59,action_network
2026-10-06T08:31:23Z,2023_09_TEN_PIT,total,over,37.0,-110,27,27,action_network
2026-10-06T08:31:23Z,2023_09_TEN_PIT,total,under,37.0,-108,73,73,action_network
2026-10-06T08:31:23Z,2023_09_BUF_CIN,moneyline,BUF,,105,40,31,action_network
2026-10-06T08:31:23Z,2023_09_BUF_CIN,moneyline,CIN,,-125,60,69,action_network
2026-10-06T08:31:23Z,2023_09_BUF_CIN,spread,BUF,1.5,-111,41,39,action_network
2026-10-06T08:31:23Z,2023_09_BUF_CIN,spread,CIN,-1.5,-109,59,61,action_network
2026-10-06T08:31:23Z,2023_09_BUF_CIN,total,over,50.5,-112,73,78,action_network
2026-10-06T08:31:23Z,2023_09_BUF_CIN,total,under,50.5,-110,27,22,action_network
2026-10-06T08:31:23Z,2023_09_LAC_NYJ,moneyline,LAC,,-174,53,58,action_network
2026-10-06T08:31:23Z,2023_09_LAC_NYJ,moneyline,NYJ,,145,47,42,action_network
2026-10-06T08:31:23Z,2023_09_LAC_NYJ,spread,LAC,-3.5,-111,22,31,action_network
2026-10-06T08:31:23Z,2023_09_LAC_NYJ,spread,NYJ,3.5,-108,78,69,action_network
2026-10-06T08:31:23Z,2023_09_LAC_NYJ,total,over,41.0,-108,18,26,action_network
2026-10-06T08:31:23Z,2023_09_LAC_NYJ,total,under,41.0,-110,82,74,action_network
2026-10-06T08:31:23Z,2023_10_CAR_CHI,moneyline,CAR,,148,49,35,action_network
2026-10-06T08:31:23Z,2023_10_CAR_CHI,moneyline,CHI,,-176,51,65,action_network
2026-10-06T08:31:23Z,2023_10_CAR_CHI,spread,CHI,-3.5,-107,23,45,action_network
2026-10-06T08:31:23Z,2023_10_CAR_CHI,spread,CAR,3.5,-114,77,55,action_network
2026-10-06T08:31:23Z,2023_10_CAR_CHI,total,over,38.0,-110,23,29,action_network
2026-10-06T08:31:23Z,2023_10_CAR_CHI,total,under,38.0,-110,77,71,action_network
2026-10-06T08:31:23Z,2023_10_NYJ_LV,moneyline,NYJ,,-112,66,48,action_network
2026-10-06T08:31:23Z,2023_10_NYJ_LV,moneyline,LV,,-106,34,52,action_network
2026-10-06T08:31:23Z,2023_10_NYJ_LV,spread,NYJ,-1.0,-107,55,47,action_network
2026-10-06T08:31:23Z,2023_10_NYJ_LV,spread,LV,1.0,-113,45,53,action_network
2026-10-06T08:31:23Z,2023_10_NYJ_LV,total,over,36.0,-110,15,30,action_network
2026-10-06T08:31:23Z,2023_10_NYJ_LV,total,under,36.0,-110,85,70,action_network
2026-10-06T08:31:23Z,2023_10_DEN_BUF,moneyline,DEN,,310,46,13,action_network
2026-10-06T08:31:23Z,2023_10_DEN_BUF,moneyline,BUF,,-390,54,87,action_network
2026-10-06T08:31:23Z,2023_10_DEN_BUF,spread,DEN,7.5,-110,72,47,action_network
2026-10-06T08:31:23Z,2023_10_DEN_BUF,spread,BUF,-7.5,-110,28,53,action_network
2026-10-06T08:31:23Z,2023_10_DEN_BUF,total,over,47.5,-103,29,27,action_network
2026-10-06T08:31:23Z,2023_10_DEN_BUF,total,under,47.5,-112,71,73,action_network
2026-10-06T08:31:23Z,2023_11_CIN_BAL,moneyline,CIN,,164,69,44,action_network
2026-10-06T08:31:23Z,2023_11_CIN_BAL,moneyline,BAL,,-198,31,56,action_network
2026-10-06T08:31:23Z,2023_11_CIN_BAL,spread,CIN,4.0,-110,62,68,action_network
2026-10-06T08:31:23Z,2023_11_CIN_BAL,spread,BAL,-4.0,-110,38,32,action_network
2026-10-06T08:31:23Z,2023_11_CIN_BAL,total,over,46.5,-106,56,44,action_network
2026-10-06T08:31:23Z,2023_11_CIN_BAL,total,under,46.5,-110,44,56,action_network
2026-10-06T08:31:23Z,2023_11_MIN_DEN,moneyline,DEN,,-142,65,55,action_network
2026-10-06T08:31:23Z,2023_11_MIN_DEN,moneyline,MIN,,120,35,45,action_network
2026-10-06T08:31:23Z,2023_11_MIN_DEN,spread,DEN,-2.5,-118,73,56,action_network
2026-10-06T08:31:23Z,2023_11_MIN_DEN,spread,MIN,2.5,-104,27,44,action_network
2026-10-06T08:31:23Z,2023_11_MIN_DEN,total,over,43.0,-108,39,45,action_network
2026-10-06T08:31:23Z,2023_11_MIN_DEN,total,under,43.0,-110,61,55,action_network
2026-10-06T08:31:23Z,2023_11_PHI_KC,moneyline,PHI,,120,12,41,action_network
2026-10-06T08:31:23Z,2023_11_PHI_KC,moneyline,KC,,-145,88,59,action_network
2026-10-06T08:31:23Z,2023_11_PHI_KC,spread,PHI,2.5,-102,48,50,action_network
2026-10-06T08:31:23Z,2023_11_PHI_KC,spread,KC,-2.5,-120,52,50,action_network
2026-10-06T08:31:23Z,2023_11_PHI_KC,total,over,46.0,-110,40,48,action_network
2026-10-06T08:31:23Z,2023_11_PHI_KC,total,under,46.0,-110,60,52,action_network
2026-10-06T08:31:23Z,2023_12_BAL_LAC,moneyline,BAL,,-166,81,73,action_network
2026-10-06T08:31:23Z,2023_12_BAL_LAC,moneyline,LAC,,140,19,27,action_network
2026-10-06T08:31:23Z,2023_12_BAL_LAC,spread,BAL,-3.0,-112,65,68,action_network
2026-10-06T08:31:23Z,2023_12_BAL_LAC,spread,LAC,3.0,-108,35,32,action_network
2026-10-06T08:31:23Z,2023_12_BAL_LAC,total,under,49.0,-110,62,42,action_network
2026-10-06T08:31:23Z,2023_12_BAL_LAC,total,over,49.0,-110,38,58,action_network
2026-10-06T08:31:23Z,2023_12_CHI_MIN,moneyline,MIN,,-164,25,76,action_network
2026-10-06T08:31:23Z,2023_12_CHI_MIN,moneyline,CHI,,138,75,24,action_network
2026-10-06T08:31:23Z,2023_12_CHI_MIN,spread,CHI,3.0,-110,48,45,action_network
2026-10-06T08:31:23Z,2023_12_CHI_MIN,spread,MIN,-3.0,-110,52,55,action_network
2026-10-06T08:31:23Z,2023_12_CHI_MIN,total,under,43.5,-110,66,53,action_network
2026-10-06T08:31:23Z,2023_12_CHI_MIN,total,over,43.5,-110,34,47,action_network
2026-10-06T08:31:23Z,2023_13_SEA_DAL,moneyline,DAL,,-470,66,90,action_network
2026-10-06T08:31:23Z,2023_13_SEA_DAL,moneyline,SEA,,360,34,10,action_network
2026-10-06T08:31:23Z,2023_13_SEA_DAL,spread,SEA,9.5,-107,33,27,action_network
2026-10-06T08:31:23Z,2023_13_SEA_DAL,spread,DAL,-9.5,-112,67,73,action_network
2026-10-06T08:31:23Z,2023_13_SEA_DAL,total,over,47.5,-110,37,55,action_network
2026-10-06T08:31:23Z,2023_13_SEA_DAL,total,under,47.5,-110,63,45,action_network
2026-10-06T08:31:23Z,2023_13_KC_GB,moneyline,KC,,-245,16,89,action_network
2026-10-06T08:31:23Z,2023_13_KC_GB,moneyline,GB,,200,84,11,action_network
2026-10-06T08:31:23Z,2023_13_KC_GB,spread,KC,-5.5,-115,50,60,action_network
2026-10-06T08:31:23Z,2023_13_KC_GB,spread,GB,5.5,-105,50,40,action_network
2026-10-06T08:31:23Z,2023_13_KC_GB,total,over,43.5,-110,49,60,action_network
2026-10-06T08:31:23Z,2023_13_KC_GB,total,under,43.5,-110,51,40,action_network
2026-10-06T08:31:23Z,2023_13_CIN_JAX,moneyline,CIN,,390,23,8,action_network
2026-10-06T08:31:23Z,2023_13_CIN_JAX,moneyline,JAX,,-520,77,92,action_network
2026-10-06T08:31:23Z,2023_13_CIN_JAX,spread,CIN,10.0,-110,46,41,action_network
2026-10-06T08:31:23Z,2023_13_CIN_JAX,spread,JAX,-10.0,-110,54,59,action_network
2026-10-06T08:31:23Z,2023_13_CIN_JAX,total,under,41.0,-107,56,60,action_network
2026-10-06T08:31:23Z,2023_13_CIN_JAX,total,over,41.0,-110,44,40,action_network
2026-10-06T08:31:23Z,2023_14_NE_PIT,moneyline,NE,,205,23,24,action_network
2026-10-06T08:31:23Z,2023_14_NE_PIT,moneyline,PIT,,-250,77,76,action_network
2026-10-06T08:31:23Z,2023_14_NE_PIT,spread,NE,5.5,-110,81,61,action_network
2026-10-06T08:31:23Z,2023_14_NE_PIT,spread,PIT,-5.5,-110,19,39,action_network
2026-10-06T08:31:23Z,2023_14_NE_PIT,total,over,30.5,-110,19,36,action_network
2026-10-06T08:31:23Z,2023_14_NE_PIT,total,under,30.5,-110,81,64,action_network
2026-10-06T08:31:23Z,2023_14_PHI_DAL,moneyline,PHI,,154,57,43,action_network
2026-10-06T08:31:23Z,2023_14_PHI_DAL,moneyline,DAL,,-184,43,57,action_network
2026-10-06T08:31:23Z,2023_14_PHI_DAL,spread,PHI,3.5,-112,43,50,action_network
2026-10-06T08:31:23Z,2023_14_PHI_DAL,spread,DAL,-3.5,-108,57,50,action_network
2026-10-06T08:31:23Z,2023_14_PHI_DAL,total,over,52.5,-112,43,58,action_network
2026-10-06T08:31:23Z,2023_14_PHI_DAL,total,under,52.5,-107,57,42,action_network
2026-10-06T08:31:23Z,2023_14_TEN_MIA,moneyline,TEN,,607,26,5,action_network
2026-10-06T08:31:23Z,2023_14_TEN_MIA,moneyline,MIA,,-897,74,95,action_network
2026-10-06T08:31:23Z,2023_14_TEN_MIA,spread,TEN,13.5,-110,31,24,action_network
2026-10-06T08:31:23Z,2023_14_TEN_MIA,spread,MIA,-13.5,-110,69,76,action_network
2026-10-06T08:31:23Z,2023_14_TEN_MIA,total,over,45.0,-110,24,57,action_network
2026-10-06T08:31:23Z,2023_14_TEN_MIA,total,under,45.0,-110,76,43,action_network
2026-10-06T08:31:23Z,2023_14_GB_NYG,moneyline,GB,,-252,14,76,action_network
2026-10-06T08:31:23Z,2023_14_GB_NYG,moneyline,NYG,,208,86,24,action_network
2026-10-06T08:31:23Z,2023_14_GB_NYG,spread,GB,-5.5,-110,50,56,action_network
2026-10-06T08:31:23Z,2023_14_GB_NYG,spread,NYG,5.5,-110,50,44,action_network
2026-10-06T08:31:23Z,2023_14_GB_NYG,total,over,37.5,-110,25,46,action_network
2026-10-06T08:31:23Z,2023_14_GB_NYG,total,under,37.5,-110,75,54,action_network
2026-10-06T08:31:23Z,2023_15_LAC_LV,moneyline,LV,,-154,79,77,action_network
2026-10-06T08:31:23Z,2023_15_LAC_LV,moneyline,LAC,,130,21,23,action_network
2026-10-06T08:31:23Z,2023_15_LAC_LV,spread,LAC,3.0,-115,26,43,action_network
2026-10-06T08:31:23Z,2023_15_LAC_LV,spread,LV,-3.0,-105,74,57,action_network
2026-10-06T08:31:23Z,2023_15_LAC_LV,total,over,36.5,-106,33,44,action_network
2026-10-06T08:31:23Z,2023_15_LAC_LV,total,under,36.5,-110,67,56,action_network
2026-10-06T08:31:23Z,2023_15_BAL_JAX,moneyline,BAL,,-216,61,67,action_network
2026-10-06T08:31:23Z,2023_15_BAL_JAX,moneyline,JAX,,180,39,33,action_network
2026-10-06T08:31:23Z,2023_15_BAL_JAX,spread,BAL,-4.0,-110,54,54,action_network
2026-10-06T08:31:23Z,2023_15_BAL_JAX,spread,JAX,4.0,-110,46,46,action_network
2026-10-06T08:31:23Z,2023_15_BAL_JAX,total,under,42.5,-110,71,36,action_network
2026-10-06T08:31:23Z,2023_15_BAL_JAX,total,over,42.5,-110,29,64,action_network
2026-10-06T08:31:23Z,2023_15_PHI_SEA,moneyline,PHI,,-250,64,82,action_network
2026-10-06T08:31:23Z,2023_15_PHI_SEA,moneyline,SEA,,205,36,18,action_network
2026-10-06T08:31:23Z,2023_15_PHI_SEA,spread,PHI,-5.0,-110,80,66,action_network
2026-10-06T08:31:23Z,2023_15_PHI_SEA,spread,SEA,5.0,-110,20,34,action_network
2026-10-06T08:31:23Z,2023_15_PHI_SEA,total,over,46.0,-110,41,37,action_network
2026-10-06T08:31:23Z,2023_15_PHI_SEA,total,under,46.0,-110,59,63,action_network
2026-10-06T08:31:23Z,2023_16_NO_LA,moneyline,NO,,180,16,29,action_network
2026-10-06T08:31:23Z,2023_16_NO_LA,moneyline,LA,,-217,84,71,action_network
2026-10-06T08:31:23Z,2023_16_NO_LA,spread,NO,4.5,-110,25,26,action_network
2026-10-06T08:31:23Z,2023_16_NO_LA,spread,LA,-4.5,-110,75,74,action_network
2026-10-06T08:31:23Z,2023_16_NO_LA,total,over,45.5,-108,67,79,action_network
2026-10-06T08:31:23Z,2023_16_NO_LA,total,under,45.5,-112,33,21,action_network
2026-10-06T08:31:23Z,2023_16_NE_DEN,moneyline,NE,,275,80,13,action_network
2026-10-06T08:31:23Z,2023_16_NE_DEN,moneyline,DEN,,-350,20,87,action_network
2026-10-06T08:31:23Z,2023_16_NE_DEN,spread,NE,7.0,-110,73,45,action_network
2026-10-06T08:31:23Z,2023_16_NE_DEN,spread,DEN,-7.0,-110,27,55,action_network
2026-10-06T08:31:23Z,2023_16_NE_DEN,total,under,37.5,-110,73,53,action_network
2026-10-06T08:31:23Z,2023_16_NE_DEN,total,over,37.5,-110,27,47,action_network
2026-10-06T08:31:23Z,2023_16_BAL_SF,moneyline,BAL,,252,62,46,action_network
2026-10-06T08:31:23Z,2023_16_BAL_SF,moneyline,SF,,-312,38,54,action_network
2026-10-06T08:31:23Z,2023_16_BAL_SF,spread,BAL,6.5,-110,62,55,action_network
2026-10-06T08:31:23Z,2023_16_BAL_SF,spread,SF,-6.5,-110,38,45,action_network
2026-10-06T08:31:23Z,2023_16_BAL_SF,total,over,47.0,-110,69,76,action_network
2026-10-06T08:31:23Z,2023_16_BAL_SF,total,under,47.0,-110,31,24,action_network
2026-10-06T08:31:23Z,2023_17_NYJ_CLE,moneyline,NYJ,,267,22,7,action_network
2026-10-06T08:31:23Z,2023_17_NYJ_CLE,moneyline,CLE,,-335,78,93,action_network
2026-10-06T08:31:23Z,2023_17_NYJ_CLE,spread,NYJ,7.0,-112,42,42,action_network
2026-10-06T08:31:23Z,2023_17_NYJ_CLE,spread,CLE,-7.0,-108,58,58,action_network
2026-10-06T08:31:23Z,2023_17_NYJ_CLE,total,over,33.5,-110,48,44,action_network
2026-10-06T08:31:23Z,2023_17_NYJ_CLE,total,under,33.5,-110,52,56,action_network
2026-10-06T08:31:23Z,2023_17_GB_MIN,moneyline,GB,,-105,63,58,action_network
2026-10-06T08:31:23Z,2023_17_GB_MIN,moneyline,MIN,,-112,37,42,action_network
2026-10-06T08:31:23Z,2023_17_GB_MIN,spread,GB,1.5,-117,71,63,action_network
2026-10-06T08:31:23Z,2023_17_GB_MIN,spread,MIN,-1.5,-103,29,37,action_network
2026-10-06T08:31:23Z,2023_17_GB_MIN,total,over,42.5,-107,77,80,action_network
2026-10-06T08:31:23Z,2023_17_GB_MIN,total,under,42.5,-110,23,20,action_network
2026-10-06T08:31:23Z,2023_18_BUF_MIA,moneyline,MIA,,125,27,29,action_network
2026-10-06T08:31:23Z,2023_18_BUF_MIA,moneyline,BUF,,-150,73,71,action_network
2026-10-06T08:31:23Z,2023_18_BUF_MIA,spread,BUF,-2.5,-118,86,71,action_network
2026-10-06T08:31:23Z,2023_18_BUF_MIA,spread,MIA,2.5,105,14,29,action_network
2026-10-06T08:31:23Z,2023_18_BUF_MIA,total,over,48.0,-118,9,43,action_network
2026-10-06T08:31:23Z,2023_18_BUF_MIA,total,under,48.0,-102,91,57,action_network
2026-10-06T08:31:23Z,2024_01_LA_DET,moneyline,DET,,-250,91,91,action_network
2026-10-06T08:31:23Z,2024_01_LA_DET,moneyline,LA,,195,9,9,action_network
2026-10-06T08:31:23Z,2024_01_LA_DET,spread,DET,-5.5,-110,52,44,action_network
2026-10-06T08:31:23Z,2024_01_LA_DET,spread,LA,5.5,-110,48,56,action_network
2026-10-06T08:31:23Z,2024_01_LA_DET,total,over,53.5,-112,92,77,action_network
2026-10-06T08:31:23Z,2024_01_LA_DET,total,under,53.5,-110,8,23,action_network
2026-10-06T08:31:23Z,2024_01_NYJ_SF,moneyline,NYJ,,160,10,13,action_network
2026-10-06T08:31:23Z,2024_01_NYJ_SF,moneyline,SF,,-191,90,87,action_network
2026-10-06T08:31:23Z,2024_01_NYJ_SF,spread,NYJ,3.5,-111,53,53,action_network
2026-10-06T08:31:23Z,2024_01_NYJ_SF,spread,SF,-3.5,-109,47,47,action_network
2026-10-06T08:31:23Z,2024_01_NYJ_SF,total,over,43.5,-108,32,64,action_network
2026-10-06T08:31:23Z,2024_01_NYJ_SF,total,under,43.5,-109,68,36,action_network
2026-10-06T08:31:23Z,2024_02_BUF_MIA,moneyline,MIA,,-135,47,80,action_network
2026-10-06T08:31:23Z,2024_02_BUF_MIA,moneyline,BUF,,115,53,20,action_network
2026-10-06T08:31:23Z,2024_02_BUF_MIA,spread,BUF,2.5,-110,47,73,action_network
2026-10-06T08:31:23Z,2024_02_BUF_MIA,spread,MIA,-2.5,-110,53,27,action_network
2026-10-06T08:31:23Z,2024_02_BUF_MIA,total,under,49.0,-105,70,28,action_network
2026-10-06T08:31:23Z,2024_02_BUF_MIA,total,over,49.0,-112,30,72,action_network
2026-10-06T08:31:23Z,2024_02_CHI_HOU,moneyline,HOU,,-289,83,88,action_network
2026-10-06T08:31:23Z,2024_02_CHI_HOU,moneyline,CHI,,235,17,12,action_network
2026-10-06T08:31:23Z,2024_02_CHI_HOU,spread,CHI,6.5,-105,23,40,action_network
2026-10-06T08:31:23Z,2024_02_CHI_HOU,spread,HOU,-6.5,-115,77,60,action_network
2026-10-06T08:31:23Z,2024_02_CHI_HOU,total,under,45.5,-106,34,31,action_network
2026-10-06T08:31:23Z,2024_02_CHI_HOU,total,over,45.5,-114,66,69,action_network
2026-10-06T08:31:23Z,2024_02_ATL_PHI,moneyline,ATL,,212,4,20,action_network
2026-10-06T08:31:23Z,2024_02_ATL_PHI,moneyline,PHI,,-261,96,80,action_network
2026-10-06T08:31:23Z,2024_02_ATL_PHI,spread,ATL,5.5,-107,36,41,action_network
2026-10-06T08:31:23Z,2024_02_ATL_PHI,spread,PHI,-5.5,-112,64,59,action_network
2026-10-06T08:31:23Z,2024_02_ATL_PHI,total,under,46.5,-110,50,49,action_network
2026-10-06T08:31:23Z,2024_02_ATL_PHI,total,over,46.5,-110,50,51,action_network
2026-10-06T08:31:23Z,2024_03_NE_NYJ,moneyline,NE,,240,24,20,action_network
2026-10-06T08:31:23Z,2024_03_NE_NYJ,moneyline,NYJ,,-295,76,80,action_network
2026-10-06T08:31:23Z,2024_03_NE_NYJ,spread,NE,6.5,-105,37,46,action_network
2026-10-06T08:31:23Z,2024_03_NE_NYJ,spread,NYJ,-6.5,-115,63,54,action_network
2026-10-06T08:31:23Z,2024_03_NE_NYJ,total,under,39.5,-108,45,40,action_network
2026-10-06T08:31:23Z,2024_03_NE_NYJ,total,over,39.5,-108,55,60,action_network
2026-10-06T08:31:23Z,2024_03_KC_ATL,moneyline,KC,,-174,96,75,action_network
2026-10-06T08:31:23Z,2024_03_KC_ATL,moneyline,ATL,,145,4,25,action_network
2026-10-06T08:31:23Z,2024_03_KC_ATL,spread,ATL,3.0,-102,58,39,action_network
2026-10-06T08:31:23Z,2024_03_KC_ATL,spread,KC,-3.0,-119,42,61,action_network
2026-10-06T08:31:23Z,2024_03_KC_ATL,total,over,47.0,-111,58,56,action_network
2026-10-06T08:31:23Z,2024_03_KC_ATL,total,under,47.0,-108,42,44,action_network
2026-10-06T08:31:23Z,2024_03_JAX_BUF,moneyline,BUF,,-225,97,97,action_network
2026-10-06T08:31:23Z,2024_03_JAX_BUF,moneyline,JAX,,185,3,3,action_network
2026-10-06T08:31:23Z,2024_03_JAX_BUF,spread,JAX,4.5,-113,40,27,action_network
2026-10-06T08:31:23Z,2024_03_JAX_BUF,spread,BUF,-4.5,-106,60,73,action_network
2026-10-06T08:31:23Z,2024_03_JAX_BUF,total,under,46.5,-110,27,43,action_network
2026-10-06T08:31:23Z,2024_03_JAX_BUF,total,over,46.5,-110,73,57,action_network
2026-10-06T08:31:23Z,2024_03_WAS_CIN,moneyline,WAS,,275,11,7,action_network
2026-10-06T08:31:23Z,2024_03_WAS_CIN,moneyline,CIN,,-345,89,93,action_network
2026-10-06T08:31:23Z,2024_03_WAS_CIN,spread,CIN,-7.5,-105,70,74,action_network
2026-10-06T08:31:23Z,2024_03_WAS_CIN,spread,WAS,7.5,-115,30,26,action_network
2026-10-06T08:31:23Z,2024_03_WAS_CIN,total,under,46.0,-111,39,60,action_network
2026-10-06T08:31:23Z,2024_03_WAS_CIN,total,over,46.0,-106,52,40,action_network
2026-10-06T08:31:23Z,2024_04_DAL_NYG,moneyline,NYG,,210,11,18,action_network
2026-10-06T08:31:23Z,2024_04_DAL_NYG,moneyline,DAL,,-258,89,82,action_network
2026-10-06T08:31:23Z,2024_04_DAL_NYG,spread,DAL,-6.0,-109,78,82,action_network
2026-10-06T08:31:23Z,2024_04_DAL_NYG,spread,NYG,6.0,-111,22,18,action_network
2026-10-06T08:31:23Z,2024_04_DAL_NYG,total,under,45.0,-108,37,33,action_network
2026-10-06T08:31:23Z,2024_04_DAL_NYG,total,over,45.0,-111,63,67,action_network
2026-10-06T08:31:23Z,2024_04_BUF_BAL,spread,BUF,3.0,-108,67,71,action_network
2026-10-06T08:31:23Z,2024_04_BUF_BAL,spread,BAL,-3.0,-112,33,29,action_network
2026-10-06T08:31:23Z,2024_04_BUF_BAL,total,under,47.5,-111,16,22,action_network
2026-10-06T08:31:23Z,2024_04_BUF_BAL,total,over,47.5,-109,84,78,action_network
2026-10-06T08:31:23Z,2024_04_TEN_MIA,spread,MIA,-2.5,-120,75,51,action_network
2026-10-06T08:31:23Z,2024_04_TEN_MIA,spread,TEN,2.5,-100,25,49,action_network
2026-10-06T08:31:23Z,2024_04_TEN_MIA,total,over,37.5,-107,75,80,action_network
2026-10-06T08:31:23Z,2024_04_TEN_MIA,total,under,37.5,-112,25,20,action_network
2026-10-06T08:31:23Z,2024_04_SEA_DET,spread,SEA,4.0,-105,40,51,action_network
2026-10-06T08:31:23Z,2024_04_SEA_DET,spread,DET,-4.0,-115,60,49,action_network
2026-10-06T08:31:23Z,2024_04_SEA_DET,total,over,47.0,-108,67,68,action_network
2026-10-06T08:31:23Z,2024_04_SEA_DET,total,under,47.0,-111,33,32,action_network
2026-10-06T08:31:23Z,2024_05_TB_ATL,spread,TB,2.5,-109,69,70,action_network
2026-10-06T08:31:23Z,2024_05_TB_ATL,spread,ATL,-2.5,-111,31,30,action_network
2026-10-06T08:31:23Z,2024_05_TB_ATL,total,under,44.0,-108,33,25,action_network
2026-10-06T08:31:23Z,2024_05_TB_ATL,total,over,44.0,-111,67,75,action_network
2026-10-06T08:31:23Z,2024_05_DAL_PIT,spread,PIT,-2.5,-112,30,37,action_network
2026-10-06T08:31:23Z,2024_05_DAL_PIT,spread,DAL,2.5,-108,70,63,action_network
2026-10-06T08:31:23Z,2024_05_DAL_PIT,total,under,44.0,-112,31,28,action_network
2026-10-06T08:31:23Z,2024_05_DAL_PIT,total,over,44.0,-109,69,72,action_network
2026-10-06T08:31:23Z,2024_05_NO_KC,spread,NO,5.5,-112,64,59,action_network
2026-10-06T08:31:23Z,2024_05_NO_KC,spread,KC,-5.5,-108,36,41,action_network
2026-10-06T08:31:23Z,2024_05_NO_KC,total,over,43.5,-108,76,82,action_network
2026-10-06T08:31:23Z,2024_05_NO_KC,total,under,43.5,-110,24,18,action_network
2026-10-06T08:31:23Z,2024_06_SF_SEA,spread,SF,-4.0,-109,77,70,action_network
2026-10-06T08:31:23Z,2024_06_SF_SEA,spread,SEA,4.0,-111,23,30,action_network
2026-10-06T08:31:23Z,2024_06_SF_SEA,total,under,49.0,-110,35,31,action_network
2026-10-06T08:31:23Z,2024_06_SF_SEA,total,over,49.0,-110,65,69,action_network
2026-10-06T08:31:23Z,2024_06_CIN_NYG,spread,CIN,-4.5,-112,73,75,action_network
2026-10-06T08:31:23Z,2024_06_CIN_NYG,spread,NYG,4.5,-108,27,25,action_network
2026-10-06T08:31:23Z,2024_06_CIN_NYG,total,under,46.5,-103,41,25,action_network
2026-10-06T08:31:23Z,2024_06_CIN_NYG,total,over,46.5,-114,59,75,action_network
2026-10-06T08:31:23Z,2024_06_BUF_NYJ,spread,BUF,-1.5,-112,53,79,action_network
2026-10-06T08:31:23Z,2024_06_BUF_NYJ,spread,NYJ,1.5,-108,47,21,action_network
2026-10-06T08:31:23Z,2024_06_BUF_NYJ,total,under,41.5,-105,30,35,action_network
2026-10-06T08:31:23Z,2024_06_BUF_NYJ,total,over,41.5,-115,70,65,action_network
2026-10-06T08:31:23Z,2024_07_DEN_NO,moneyline,NO,,124,41,44,action_network
2026-10-06T08:31:23Z,2024_07_DEN_NO,moneyline,DEN,,-148,59,56,action_network
2026-10-06T08:31:23Z,2024_07_DEN_NO,spread,DEN,-2.5,-114,72,55,action_network
2026-10-06T08:31:23Z,2024_07_DEN_NO,spread,NO,2.5,-106,28,45,action_network
2026-10-06T08:31:23Z,2024_07_DEN_NO,total,over,37.0,-112,71,87,action_network
2026-10-06T08:31:23Z,2024_07_DEN_NO,total,under,37.0,-108,29,13,action_network
2026-10-06T08:31:23Z,2024_07_NYJ_PIT,moneyline,NYJ,,-164,57,56,action_network
2026-10-06T08:31:23Z,2024_07_NYJ_PIT,moneyline,PIT,,138,43,44,action_network
2026-10-06T08:31:23Z,2024_07_NYJ_PIT,spread,PIT,2.5,-102,30,41,action_network
2026-10-06T08:31:23Z,2024_07_NYJ_PIT,spread,NYJ,-2.5,-120,70,59,action_network
2026-10-06T08:31:23Z,2024_07_NYJ_PIT,total,over,40.5,-104,69,67,action_network
2026-10-06T08:31:23Z,2024_07_NYJ_PIT,total,under,40.5,-115,31,33,action_network
2026-10-06T08:31:23Z,2024_07_BAL_TB,moneyline,TB,,180,18,26,action_network
2026-10-06T08:31:23Z,2024_07_BAL_TB,moneyline,BAL,,-218,82,74,action_network
2026-10-06T08:31:23Z,2024_07_BAL_TB,spread,BAL,-4.5,-110,61,64,action_network
2026-10-06T08:31:23Z,2024_07_BAL_TB,spread,TB,4.5,-110,39,36,action_network
2026-10-06T08:31:23Z,2024_07_BAL_TB,total,under,51.0,-110,13,21,action_network
2026-10-06T08:31:23Z,2024_07_BAL_TB,total,over,51.0,-110,87,79,action_network
2026-10-06T08:31:23Z,2024_07_LAC_ARI,moneyline,LAC,,-122,73,51,action_network
2026-10-06T08:31:23Z,2024_07_LAC_ARI,moneyline,ARI,,102,27,49,action_network
2026-10-06T08:31:23Z,2024_07_LAC_ARI,spread,LAC,-1.0,-115,56,57,action_network
2026-10-06T08:31:23Z,2024_07_LAC_ARI,spread,ARI,1.0,-105,44,43,action_network
2026-10-06T08:31:23Z,2024_07_LAC_ARI,total,under,44.5,-108,32,33,action_network
2026-10-06T08:31:23Z,2024_07_LAC_ARI,total,over,44.5,-110,68,67,action_network
2026-10-06T08:31:23Z,2024_08_MIN_LA,moneyline,LA,,130,7,16,action_network
2026-10-06T08:31:23Z,2024_08_MIN_LA,moneyline,MIN,,-154,93,84,action_network
2026-10-06T08:31:23Z,2024_08_MIN_LA,spread,MIN,-3.0,-105,59,70,action_network
2026-10-06T08:31:23Z,2024_08_MIN_LA,spread,LA,3.0,-115,41,30,action_network
2026-10-06T08:31:23Z,2024_08_MIN_LA,total,under,47.5,-110,32,29,action_network
2026-10-06T08:31:23Z,2024_08_MIN_LA,total,over,47.5,-110,68,71,action_network
2026-10-06T08:31:23Z,2024_08_DAL_SF,moneyline,DAL,,205,28,16,action_network
2026-10-06T08:31:23Z,2024_08_DAL_SF,moneyline,SF,,-250,72,84,action_network
2026-10-06T08:31:23Z,2024_08_DAL_SF,spread,DAL,5.5,-110,42,46,action_network
2026-10-06T08:31:23Z,2024_08_DAL_SF,spread,SF,-5.5,-110,58,54,action_network
2026-10-06T08:31:23Z,2024_08_DAL_SF,total,under,47.5,-108,36,36,action_network
2026-10-06T08:31:23Z,2024_08_DAL_SF,total,over,47.5,-112,64,64,action_network
2026-10-06T08:31:23Z,2024_08_NYG_PIT,moneyline,PIT,,-280,98,91,action_network
2026-10-06T08:31:23Z,2024_08_NYG_PIT,moneyline,NYG,,230,2,8,action_network
2026-10-06T08:31:23Z,2024_08_NYG_PIT,spread,PIT,-5.5,-120,76,78,action_network
2026-10-06T08:31:23Z,2024_08_NYG_PIT,spread,NYG,5.5,-110,24,22,action_network
2026-10-06T08:31:23Z,2024_08_NYG_PIT,total,over,37.5,-110,72,82,action_network
2026-10-06T08:31:23Z,2024_08_NYG_PIT,total,under,37.5,-110,28,18,action_network
2026-10-06T08:31:23Z,2024_09_HOU_NYJ,moneyline,NYJ,,-147,14,61,action_network
2026-10-06T08:31:23Z,2024_09_HOU_NYJ,moneyline,HOU,,124,86,39,action_network
2026-10-06T08:31:23Z,2024_09_HOU_NYJ,spread,HOU,2.5,100,75,80,action_network
2026-10-06T08:31:23Z,2024_09_HOU_NYJ,spread,NYJ,-2.5,-120,25,20,action_network
2026-10-06T08:31:23Z,2024_09_HOU_NYJ,total,under,43.5,-108,34,28,action_network
2026-10-06T08:31:23Z,2024_09_HOU_NYJ,total,over,43.5,-110,66,72,action_network
2026-10-06T08:31:23Z,2024_09_IND_MIN,moneyline,IND,,215,3,6,action_network
2026-10-06T08:31:23Z,2024_09_IND_MIN,moneyline,MIN,,-265,97,94,action_network
2026-10-06T08:31:23Z,2024_09_IND_MIN,spread,MIN,-6.0,-110,73,69,action_network
2026-10-06T08:31:23Z,2024_09_IND_MIN,spread,IND,6.0,-110,27,31,action_network
2026-10-06T08:31:23Z,2024_09_IND_MIN,total,under,47.0,-110,16,19,action_network
2026-10-06T08:31:23Z,2024_09_IND_MIN,total,over,47.0,-110,84,81,action_network
2026-10-06T08:31:23Z,2024_09_TB_KC,spread,TB,9.0,-110,51,48,action_network
2026-10-06T08:31:23Z,2024_09_TB_KC,spread,KC,-9.0,-110,49,0,action_network
2026-10-06T08:31:23Z,2024_09_TB_KC,total,over,45.5,-110,83,81,action_network
2026-10-06T08:31:23Z,2024_09_TB_KC,total,under,45.5,-108,17,19,action_network
2026-10-06T08:31:23Z,2024_10_CIN_BAL,moneyline,BAL,,-270,84,88,action_network
2026-10-06T08:31:23Z,2024_10_CIN_BAL,moneyline,CIN,,220,16,12,action_network
2026-10-06T08:31:23Z,2024_10_CIN_BAL,spread,BAL,-6.0,-110,54,49,action_network
2026-10-06T08:31:23Z,2024_10_CIN_BAL,spread,CIN,6.0,-110,46,51,action_network
2026-10-06T08:31:23Z,2024_10_CIN_BAL,total,under,53.0,-108,14,17,action_network
2026-10-06T08:31:23Z,2024_10_CIN_BAL,total,over,53.0,-112,86,83,action_network
2026-10-06T08:31:23Z,2024_10_DET_HOU,moneyline,HOU,,195,9,11,action_network
2026-10-06T08:31:23Z,2024_10_DET_HOU,moneyline,DET,,-238,91,89,action_network
2026-10-06T08:31:23Z,2024_10_DET_HOU,spread,DET,-4.5,-110,61,66,action_network
2026-10-06T08:31:23Z,2024_10_DET_HOU,spread,HOU,4.5,-110,39,34,action_network
2026-10-06T08:31:23Z,2024_10_DET_HOU,total,over,49.5,-112,69,80,action_network
2026-10-06T08:31:23Z,2024_10_DET_HOU,total,under,49.5,-108,31,20,action_network
2026-10-06T08:31:23Z,2024_10_MIA_LA,moneyline,LA,,-138,87,75,action_network
2026-10-06T08:31:23Z,2024_10_MIA_LA,moneyline,MIA,,117,13,25,action_network
2026-10-06T08:31:23Z,2024_10_MIA_LA,spread,LA,-2.5,-118,25,53,action_network
2026-10-06T08:31:23Z,2024_10_MIA_LA,spread,MIA,2.5,-102,75,47,action_network
2026-10-06T08:31:23Z,2024_10_MIA_LA,total,under,49.5,-105,30,35,action_network
2026-10-06T08:31:23Z,2024_10_MIA_LA,total,over,49.5,-110,70,65,action_network
2026-10-06T08:31:23Z,2024_11_WAS_PHI,moneyline,WAS,,192,34,14,action_network
2026-10-06T08:31:23Z,2024_11_WAS_PHI,moneyline,PHI,,-234,66,86,action_network
2026-10-06T08:31:23Z,2024_11_WAS_PHI,spread,PHI,-4.5,-110,62,56,action_network
2026-10-06T08:31:23Z,2024_11_WAS_PHI,spread,WAS,4.5,-110,38,44,action_network
2026-10-06T08:31:23Z,2024_11_WAS_PHI,total,under,49.5,-110,21,20,action_network
2026-10-06T08:31:23Z,2024_11_WAS_PHI,total,over,49.5,-105,79,80,action_network
2026-10-06T08:31:23Z,2024_11_CIN_LAC,moneyline,LAC,,-118,9,46,action_network
2026-10-06T08:31:23Z,2024_11_CIN_LAC,moneyline,CIN,,-112,91,54,action_network
2026-10-06T08:31:23Z,2024_11_CIN_LAC,spread,LAC,-1.0,-102,19,19,action_network
2026-10-06T08:31:23Z,2024_11_CIN_LAC,spread,CIN,1.0,-118,81,81,action_network
2026-10-06T08:31:23Z,2024_11_CIN_LAC,total,under,48.0,-112,37,38,action_network
2026-10-06T08:31:23Z,2024_11_CIN_LAC,total,over,48.0,-108,63,62,action_network
2026-10-06T08:31:23Z,2024_11_HOU_DAL,moneyline,HOU,,-377,87,94,action_network
2026-10-06T08:31:23Z,2024_11_HOU_DAL,moneyline,DAL,,300,13,6,action_network
2026-10-06T08:31:23Z,2024_11_HOU_DAL,spread,HOU,-7.0,-110,64,72,action_network
2026-10-06T08:31:23Z,2024_11_HOU_DAL,spread,DAL,7.0,-110,36,28,action_network
2026-10-06T08:31:23Z,2024_11_HOU_DAL,total,over,41.5,-105,45,50,action_network
2026-10-06T08:31:23Z,2024_11_HOU_DAL,total,under,41.5,-110,55,50,action_network
2026-10-06T08:31:23Z,2024_12_PIT_CLE,moneyline,CLE,,190,10,10,action_network
2026-10-06T08:31:23Z,2024_12_PIT_CLE,moneyline,PIT,,-230,0,90,action_network
2026-10-06T08:31:23Z,2024_12_PIT_CLE,spread,CLE,3.5,-102,38,33,action_network
2026-10-06T08:31:23Z,2024_12_PIT_CLE,spread,PIT,-3.5,-118,62,67,action_network
2026-10-06T08:31:23Z,2024_12_PIT_CLE,total,under,36.5,-108,36,22,action_network
2026-10-06T08:31:23Z,2024_12_PIT_CLE,total,over,36.5,-112,64,78,action_network
2026-10-06T08:31:23Z,2024_12_PHI_LA,moneyline,LA,,133,13,18,action_network
2026-10-06T08:31:23Z,2024_12_PHI_LA,moneyline,PHI,,-158,86,82,action_network
2026-10-06T08:31:23Z,2024_12_PHI_LA,spread,PHI,-3.0,-110,60,74,action_network
2026-10-06T08:31:23Z,2024_12_PHI_LA,spread,LA,3.0,-110,40,26,action_network
2026-10-06T08:31:23Z,2024_12_PHI_LA,total,under,48.5,-110,42,31,action_network
2026-10-06T08:31:23Z,2024_12_PHI_LA,total,over,48.5,-110,58,69,action_network
2026-10-06T08:31:23Z,2024_12_BAL_LAC,moneyline,BAL,,-162,84,77,action_network
2026-10-06T08:31:23Z,2024_12_BAL_LAC,moneyline,LAC,,136,16,23,action_network
2026-10-06T08:31:23Z,2024_12_BAL_LAC,spread,LAC,3.0,-115,49,40,action_network
2026-10-06T08:31:23Z,2024_12_BAL_LAC,spread,BAL,-3.0,-105,51,60,action_network
2026-10-06T08:31:23Z,2024_12_BAL_LAC,total,over,50.5,-115,70,54,action_network
2026-10-06T08:31:23Z,2024_12_BAL_LAC,total,under,50.5,-110,30,46,action_network
2026-10-06T08:31:23Z,2024_13_SF_BUF,moneyline,SF,,267,1,10,action_network
2026-10-06T08:31:23Z,2024_13_SF_BUF,moneyline,BUF,,-332,99,90,action_network
2026-10-06T08:31:23Z,2024_13_SF_BUF,spread,SF,6.5,-110,40,39,action_network
2026-10-06T08:31:23Z,2024_13_SF_BUF,spread,BUF,-6.5,-110,60,61,action_network
2026-10-06T08:31:23Z,2024_13_SF_BUF,total,over,45.5,-110,53,81,action_network
2026-10-06T08:31:23Z,2024_13_SF_BUF,total,under,45.5,-110,47,19,action_network
2026-10-06T08:31:23Z,2024_13_CLE_DEN,moneyline,CLE,,235,38,9,action_network
2026-10-06T08:31:23Z,2024_13_CLE_DEN,moneyline,DEN,,-290,62,91,action_network
2026-10-06T08:31:23Z,2024_13_CLE_DEN,spread,CLE,6.5,-110,34,31,action_network
2026-10-06T08:31:23Z,2024_13_CLE_DEN,spread,DEN,-6.5,-110,66,69,action_network
2026-10-06T08:31:23Z,2024_13_CLE_DEN,total,over,41.5,-112,71,77,action_network
2026-10-06T08:31:23Z,2024_13_CLE_DEN,total,under,41.5,-110,29,23,action_network
2026-10-06T08:31:23Z,2024_14_GB_DET,moneyline,GB,,145,22,14,action_network
2026-10-06T08:31:23Z,2024_14_GB_DET,moneyline,DET,,-170,78,86,action_network
2026-10-06T08:31:23Z,2024_14_GB_DET,spread,DET,-3.0,-120,40,52,action_network
2026-10-06T08:31:23Z,2024_14_GB_DET,spread,GB,3.0,100,60,48,action_network
2026-10-06T08:31:23Z,2024_14_GB_DET,total,over,53.0,-110,69,63,action_network
2026-10-06T08:31:23Z,2024_14_GB_DET,total,under,53.0,-110,31,37,action_network
2026-10-06T08:31:23Z,2024_14_LAC_KC,moneyline,LAC,,195,19,16,action_network
2026-10-06T08:31:23Z,2024_14_LAC_KC,moneyline,KC,,-240,81,84,action_network
2026-10-06T08:31:23Z,2024_14_LAC_KC,spread,LAC,4.5,-110,51,56,action_network
2026-10-06T08:31:23Z,2024_14_LAC_KC,spread,KC,-4.5,-110,49,44,action_network
2026-10-06T08:31:23Z,2024_14_LAC_KC,total,over,43.0,-110,78,83,action_network
2026-10-06T08:31:23Z,2024_14_LAC_KC,total,under,43.0,-110,22,17,action_network
2026-10-06T08:31:23Z,2024_14_CIN_DAL,moneyline,CIN,,-225,84,72,action_network
2026-10-06T08:31:23Z,2024_14_CIN_DAL,moneyline,DAL,,185,16,28,action_network
2026-10-06T08:31:23Z,2024_14_CIN_DAL,spread,CIN,-4.5,-112,42,49,action_network
2026-10-06T08:31:23Z,2024_14_CIN_DAL,spread,DAL,4.5,-108,58,51,action_network
2026-10-06T08:31:23Z,2024_14_CIN_DAL,total,under,50.5,-110,19,29,action_network
2026-10-06T08:31:23Z,2024_14_CIN_DAL,total,over,50.5,-110,81,71,action_network
2026-10-06T08:31:23Z,2024_15_LA_SF,moneyline,LA,,130,66,31,action_network
2026-10-06T08:31:23Z,2024_15_LA_SF,moneyline,SF,,-155,34,69,action_network
2026-10-06T08:31:23Z,2024_15_LA_SF,spread,SF,-3.0,-105,34,32,action_network
2026-10-06T08:31:23Z,2024_15_LA_SF,spread,LA,3.0,-115,66,68,action_network
2026-10-06T08:31:23Z,2024_15_LA_SF,total,over,48.5,-110,70,77,action_network
2026-10-06T08:31:23Z,2024_15_LA_SF,total,under,48.5,-110,30,23,action_network
2026-10-06T08:31:23Z,2024_15_GB_SEA,moneyline,SEA,,135,30,29,action_network
2026-10-06T08:31:23Z,2024_15_GB_SEA,moneyline,GB,,-161,70,71,action_network
2026-10-06T08:31:23Z,2024_15_GB_SEA,spread,SEA,3.0,-115,45,46,action_network
2026-10-06T08:31:23Z,2024_15_GB_SEA,spread,GB,-3.0,-105,55,54,action_network
2026-10-06T08:31:23Z,2024_15_GB_SEA,total,over,48.0,-110,59,83,action_network
2026-10-06T08:31:23Z,2024_15_GB_SEA,total,under,48.0,-110,41,17,action_network
2026-10-06T08:31:23Z,2024_15_CHI_MIN,moneyline,CHI,,287,1,10,action_network
2026-10-06T08:31:23Z,2024_15_CHI_MIN,moneyline,MIN,,-365,99,90,action_network
2026-10-06T08:31:23Z,2024_15_CHI_MIN,spread,MIN,-7.0,-105,77,78,action_network
2026-10-06T08:31:23Z,2024_15_CHI_MIN,spread,CHI,7.0,-115,23,22,action_network
2026-10-06T08:31:23Z,2024_15_CHI_MIN,total,over,44.0,-110,61,81,action_network
2026-10-06T08:31:23Z,2024_15_CHI_MIN,total,under,44.0,-110,39,19,action_network
2026-10-06T08:31:23Z,2024_15_ATL_LV,moneyline,ATL,,-312,97,90,action_network
2026-10-06T08:31:23Z,2024_15_ATL_LV,moneyline,LV,,260,3,10,action_network
2026-10-06T08:31:23Z,2024_15_ATL_LV,spread,ATL,-6.5,-110,79,85,action_network
2026-10-06T08:31:23Z,2024_15_ATL_LV,spread,LV,6.5,-110,21,15,action_network
2026-10-06T08:31:23Z,2024_15_ATL_LV,total,under,44.5,-110,27,19,action_network
2026-10-06T08:31:23Z,2024_15_ATL_LV,total,over,44.5,-110,73,81,action_network
2026-10-06T08:31:23Z,2024_16_DEN_LAC,moneyline,LAC,,-155,65,71,action_network
2026-10-06T08:31:23Z,2024_16_DEN_LAC,moneyline,DEN,,130,35,29,action_network
2026-10-06T08:31:23Z,2024_16_DEN_LAC,spread,DEN,3.0,-115,55,66,action_network
2026-10-06T08:31:23Z,2024_16_DEN_LAC,spread,LAC,-3.0,-105,45,34,action_network
2026-10-06T08:31:23Z,2024_16_DEN_LAC,total,over,41.5,-110,67,78,action_network
2026-10-06T08:31:23Z,2024_16_DEN_LAC,total,under,41.5,-110,33,22,action_network
2026-10-06T08:31:23Z,2024_16_TB_DAL,moneyline,DAL,,209,10,13,action_network
2026-10-06T08:31:23Z,2024_16_TB_DAL,moneyline,TB,,-278,90,87,action_network
2026-10-06T08:31:23Z,2024_16_TB_DAL,spread,DAL,4.5,-110,28,23,action_network
2026-10-06T08:31:23Z,2024_16_TB_DAL,spread,TB,-4.5,-110,72,77,action_network
2026-10-06T08:31:23Z,2024_16_TB_DAL,total,over,49.0,-110,68,65,action_network
2026-10-06T08:31:23Z,2024_16_TB_DAL,total,under,49.0,-110,32,35,action_network
2026-10-06T08:31:23Z,2024_16_NO_GB,moneyline,NO,,683,10,6,action_network
2026-10-06T08:31:23Z,2024_16_NO_GB,moneyline,GB,,-1062,90,94,action_network
2026-10-06T08:31:23Z,2024_16_NO_GB,spread,GB,-14.5,-105,54,57,action_network
2026-10-06T08:31:23Z,2024_16_NO_GB,spread,NO,14.5,-115,46,43,action_network
2026-10-06T08:31:23Z,2024_16_NO_GB,total,over,43.5,-110,79,80,action_network
2026-10-06T08:31:23Z,2024_16_NO_GB,total,under,43.5,-110,21,20,action_network
2026-10-06T08:31:23Z,2024_17_SEA_CHI,moneyline,CHI,,185,6,14,action_network
2026-10-06T08:31:23Z,2024_17_SEA_CHI,moneyline,SEA,,-225,94,86,action_network
2026-10-06T08:31:23Z,2024_17_SEA_CHI,spread,CHI,4.5,-110,30,28,action_network
2026-10-06T08:31:23Z,2024_17_SEA_CHI,spread,SEA,-4.5,-110,70,72,action_network
2026-10-06T08:31:23Z,2024_17_SEA_CHI,total,under,42.5,-110,19,25,action_network
2026-10-06T08:31:23Z,2024_17_SEA_CHI,total,over,42.5,-115,81,75,action_network
2026-10-06T08:31:23Z,2024_17_ATL_WAS,moneyline,WAS,,-185,94,90,action_network
2026-10-06T08:31:23Z,2024_17_ATL_WAS,moneyline,ATL,,154,6,10,action_network
2026-10-06T08:31:23Z,2024_17_ATL_WAS,spread,WAS,-3.5,-105,55,67,action_network
2026-10-06T08:31:23Z,2024_17_ATL_WAS,spread,ATL,3.5,-115,45,33,action_network
2026-10-06T08:31:23Z,2024_17_ATL_WAS,total,over,46.5,-110,70,72,action_network
2026-10-06T08:31:23Z,2024_17_ATL_WAS,total,under,46.5,-110,30,28,action_network
2026-10-06T08:31:23Z,2024_17_DET_SF,moneyline,DET,,-222,95,88,action_network
2026-10-06T08:31:23Z,2024_17_DET_SF,moneyline,SF,,182,5,12,action_network
2026-10-06T08:31:23Z,2024_17_DET_SF,spread,SF,4.0,-108,27,18,action_network
2026-10-06T08:31:23Z,2024_17_DET_SF,spread,DET,-4.0,-112,73,82,action_network
2026-10-06T08:31:23Z,2024_17_DET_SF,total,under,50.5,-110,38,38,action_network
2026-10-06T08:31:23Z,2024_17_DET_SF,total,over,50.5,-110,62,62,action_network
2026-10-06T08:31:23Z,2024_18_MIN_DET,moneyline,DET,,-156,55,75,action_network
2026-10-06T08:31:23Z,2024_18_MIN_DET,moneyline,MIN,,132,45,25,action_network
2026-10-06T08:31:23Z,2024_18_MIN_DET,spread,DET,-3.0,-102,31,42,action_network
2026-10-06T08:31:23Z,2024_18_MIN_DET,spread,MIN,3.0,-118,69,58,action_network
2026-10-06T08:31:23Z,2024_18_MIN_DET,total,over,56.5,-118,75,76,action_network
2026-10-06T08:31:23Z,2024_18_MIN_DET,total,under,56.5,-102,25,24,action_network
2026-10-06T08:31:23Z,2025_01_BAL_BUF,moneyline,BUF,,105,12,44,action_network
2026-10-06T08:31:23Z,2025_01_BAL_BUF,moneyline,BAL,,-124,88,56,action_network
2026-10-06T08:31:23Z,2025_01_BAL_BUF,spread,BAL,-1.5,-105,66,48,action_network
2026-10-06T08:31:23Z,2025_01_BAL_BUF,spread,BUF,1.5,-115,34,52,action_network
2026-10-06T08:31:23Z,2025_01_BAL_BUF,total,over,51.5,-115,42,9,action_network
2026-10-06T08:31:23Z,2025_01_BAL_BUF,total,under,51.5,-100,58,91,action_network
2026-10-06T08:31:23Z,2025_01_MIN_CHI,moneyline,MIN,,-105,50,68,action_network
2026-10-06T08:31:23Z,2025_01_MIN_CHI,moneyline,CHI,,-115,50,32,action_network
2026-10-06T08:31:23Z,2025_01_MIN_CHI,spread,MIN,1.0,-115,19,54,action_network
2026-10-06T08:31:23Z,2025_01_MIN_CHI,spread,CHI,-1.0,-105,81,46,action_network
2026-10-06T08:31:23Z,2025_01_MIN_CHI,total,over,43.5,-108,17,6,action_network
2026-10-06T08:31:23Z,2025_01_MIN_CHI,total,under,43.5,-112,83,94,action_network
2026-10-06T08:31:23Z,2025_02_WAS_GB,moneyline,GB,,-180,73,83,action_network
2026-10-06T08:31:23Z,2025_02_WAS_GB,moneyline,WAS,,150,27,17,action_network
2026-10-06T08:31:23Z,2025_02_WAS_GB,spread,WAS,3.0,-105,49,54,action_network
2026-10-06T08:31:23Z,2025_02_WAS_GB,spread,GB,-3.0,-115,51,46,action_network
2026-10-06T08:31:23Z,2025_02_WAS_GB,total,over,48.5,-105,29,4,action_network
2026-10-06T08:31:23Z,2025_02_WAS_GB,total,under,48.5,-105,71,96,action_network
2026-10-06T08:31:23Z,2025_02_ATL_MIN,moneyline,ATL,,145,48,14,action_network
2026-10-06T08:31:23Z,2025_02_ATL_MIN,moneyline,MIN,,-170,52,86,action_network
2026-10-06T08:31:23Z,2025_02_ATL_MIN,spread,ATL,3.5,-118,78,29,action_network
2026-10-06T08:31:23Z,2025_02_ATL_MIN,spread,MIN,-3.5,104,22,71,action_network
2026-10-06T08:31:23Z,2025_02_ATL_MIN,total,over,44.5,-110,9,7,action_network
2026-10-06T08:31:23Z,2025_02_ATL_MIN,total,under,44.5,-110,91,93,action_network
2026-10-06T08:31:23Z,2025_02_TB_HOU,moneyline,HOU,,-144,37,71,action_network
2026-10-06T08:31:23Z,2025_02_TB_HOU,moneyline,TB,,130,63,29,action_network
2026-10-06T08:31:23Z,2025_02_TB_HOU,spread,TB,2.5,-102,54,55,action_network
2026-10-06T08:31:23Z,2025_02_TB_HOU,spread,HOU,-2.5,-120,46,45,action_network
2026-10-06T08:31:23Z,2025_02_TB_HOU,total,over,42.5,-115,17,8,action_network
2026-10-06T08:31:23Z,2025_02_TB_HOU,total,under,42.5,-110,83,92,action_network
2026-10-06T08:31:23Z,2025_02_LAC_LV,moneyline,LAC,,-190,92,90,action_network
2026-10-06T08:31:23Z,2025_02_LAC_LV,moneyline,LV,,155,8,10,action_network
2026-10-06T08:31:23Z,2025_02_LAC_LV,spread,LAC,-3.5,-102,52,51,action_network
2026-10-06T08:31:23Z,2025_02_LAC_LV,spread,LV,3.5,-118,48,49,action_network
2026-10-06T08:31:23Z,2025_02_LAC_LV,total,under,46.5,-110,50,92,action_network
2026-10-06T08:31:23Z,2025_02_LAC_LV,total,over,46.5,-110,50,8,action_network
2026-10-06T08:31:23Z,2025_03_MIA_BUF,moneyline,MIA,,550,3,4,action_network
2026-10-06T08:31:23Z,2025_03_MIA_BUF,moneyline,BUF,,-800,97,96,action_network
2026-10-06T08:31:23Z,2025_03_MIA_BUF,spread,MIA,11.5,-115,51,29,action_network
2026-10-06T08:31:23Z,2025_03_MIA_BUF,spread,BUF,-11.5,-105,49,71,action_network
2026-10-06T08:31:23Z,2025_03_MIA_BUF,total,under,50.5,-110,27,80,action_network
2026-10-06T08:31:23Z,2025_03_MIA_BUF,total,over,50.5,-110,73,20,action_network
2026-10-06T08:31:23Z,2025_03_KC_NYG,moneyline,KC,,-320,86,93,action_network
2026-10-06T08:31:23Z,2025_03_KC_NYG,moneyline,NYG,,245,14,7,action_network
2026-10-06T08:31:23Z,2025_03_KC_NYG,spread,KC,-6.0,-115,67,57,action_network
2026-10-06T08:31:23Z,2025_03_KC_NYG,spread,NYG,6.0,-105,33,43,action_network
2026-10-06T08:31:23Z,2025_03_KC_NYG,total,under,44.5,-110,39,66,action_network
2026-10-06T08:31:23Z,2025_03_KC_NYG,total,over,44.5,-110,61,34,action_network
2026-10-06T08:31:23Z,2025_03_DET_BAL,moneyline,DET,,195,14,11,action_network
2026-10-06T08:31:23Z,2025_03_DET_BAL,moneyline,BAL,,-240,86,89,action_network
2026-10-06T08:31:23Z,2025_03_DET_BAL,spread,DET,4.5,-103,50,34,action_network
2026-10-06T08:31:23Z,2025_03_DET_BAL,spread,BAL,-4.5,-116,50,66,action_network
2026-10-06T08:31:23Z,2025_03_DET_BAL,total,over,53.5,-120,73,20,action_network
2026-10-06T08:31:23Z,2025_03_DET_BAL,total,under,53.5,-105,27,80,action_network
2026-10-06T08:31:23Z,2025_04_SEA_ARI,moneyline,SEA,,-120,72,73,action_network
2026-10-06T08:31:23Z,2025_04_SEA_ARI,moneyline,ARI,,102,28,27,action_network
2026-10-06T08:31:23Z,2025_04_SEA_ARI,spread,SEA,-1.5,-120,66,69,action_network
2026-10-06T08:31:23Z,2025_04_SEA_ARI,spread,ARI,1.5,-110,34,31,action_network
2026-10-06T08:31:23Z,2025_04_SEA_ARI,total,over,43.5,-120,53,50,action_network
2026-10-06T08:31:23Z,2025_04_SEA_ARI,total,under,43.5,-110,47,50,action_network
2026-10-06T08:31:23Z,2025_04_GB_DAL,moneyline,GB,,-320,77,90,action_network
2026-10-06T08:31:23Z,2025_04_GB_DAL,moneyline,DAL,,265,23,10,action_network
2026-10-06T08:31:23Z,2025_04_GB_DAL,spread,DAL,6.5,-110,11,23,action_network
2026-10-06T08:31:23Z,2025_04_GB_DAL,spread,GB,-6.5,-110,89,77,action_network
2026-10-06T08:31:23Z,2025_04_GB_DAL,total,over,47.0,-110,43,35,action_network
2026-10-06T08:31:23Z,2025_04_GB_DAL,total,under,47.0,-110,57,65,action_network
2026-10-06T08:31:23Z,2025_04_NYJ_MIA,moneyline,NYJ,,131,34,24,action_network
2026-10-06T08:31:23Z,2025_04_NYJ_MIA,moneyline,MIA,,-154,66,76,action_network
2026-10-06T08:31:23Z,2025_04_NYJ_MIA,spread,NYJ,2.5,-106,49,46,action_network
2026-10-06T08:31:23Z,2025_04_NYJ_MIA,spread,MIA,-2.5,-120,51,54,action_network
2026-10-06T08:31:23Z,2025_04_NYJ_MIA,total,over,43.5,-107,32,44,action_network
2026-10-06T08:31:23Z,2025_04_NYJ_MIA,total,under,43.5,-110,68,56,action_network
2026-10-06T08:31:23Z,2025_04_CIN_DEN,moneyline,DEN,,-450,64,93,action_network
2026-10-06T08:31:23Z,2025_04_CIN_DEN,moneyline,CIN,,350,36,7,action_network
2026-10-06T08:31:23Z,2025_04_CIN_DEN,spread,DEN,-7.5,-112,72,68,action_network
2026-10-06T08:31:23Z,2025_04_CIN_DEN,spread,CIN,7.5,-108,28,32,action_network
2026-10-06T08:31:23Z,2025_04_CIN_DEN,total,over,44.5,-110,47,42,action_network
2026-10-06T08:31:23Z,2025_04_CIN_DEN,total,under,44.5,-110,53,58,action_network
2026-10-06T08:31:23Z,2025_05_SF_LA,moneyline,LA,,-430,92,91,action_network
2026-10-06T08:31:23Z,2025_05_SF_LA,moneyline,SF,,340,8,9,action_network
2026-10-06T08:31:23Z,2025_05_SF_LA,spread,SF,7.5,-105,37,42,action_network
2026-10-06T08:31:23Z,2025_05_SF_LA,spread,LA,-7.5,-115,63,58,action_network
2026-10-06T08:31:23Z,2025_05_SF_LA,total,over,43.5,-115,33,42,action_network
2026-10-06T08:31:23Z,2025_05_SF_LA,total,under,43.5,-108,67,58,action_network
2026-10-06T08:31:23Z,2025_05_NE_BUF,moneyline,NE,,325,8,3,action_network
2026-10-06T08:31:23Z,2025_05_NE_BUF,moneyline,BUF,,-430,92,97,action_network
2026-10-06T08:31:23Z,2025_05_NE_BUF,spread,NE,7.5,-110,52,32,action_network
2026-10-06T08:31:23Z,2025_05_NE_BUF,spread,BUF,-7.5,-110,48,68,action_network
2026-10-06T08:31:23Z,2025_05_NE_BUF,total,under,48.5,-107,22,60,action_network
2026-10-06T08:31:23Z,2025_05_NE_BUF,total,over,48.5,-118,78,40,action_network
2026-10-06T08:31:23Z,2025_05_KC_JAX,moneyline,JAX,,165,8,10,action_network
2026-10-06T08:31:23Z,2025_05_KC_JAX,moneyline,KC,,-202,92,90,action_network
2026-10-06T08:31:23Z,2025_05_KC_JAX,spread,KC,-3.5,-105,55,62,action_network
2026-10-06T08:31:23Z,2025_05_KC_JAX,spread,JAX,3.5,-118,45,38,action_network
2026-10-06T08:31:23Z,2025_05_KC_JAX,total,over,45.5,-112,65,64,action_network
2026-10-06T08:31:23Z,2025_05_KC_JAX,total,under,45.5,-108,35,36,action_network
2026-10-06T08:31:23Z,2025_06_PHI_NYG,moneyline,PHI,,-425,90,92,action_network
2026-10-06T08:31:23Z,2025_06_PHI_NYG,moneyline,NYG,,325,10,8,action_network
2026-10-06T08:31:23Z,2025_06_PHI_NYG,spread,PHI,-7.5,-105,77,76,action_network
2026-10-06T08:31:23Z,2025_06_PHI_NYG,spread,NYG,7.5,-114,23,24,action_network
2026-10-06T08:31:23Z,2025_06_PHI_NYG,total,over,40.5,-118,60,64,action_network
2026-10-06T08:31:23Z,2025_06_PHI_NYG,total,under,40.5,-105,40,36,action_network
2026-10-06T08:31:23Z,2025_06_DET_KC,moneyline,DET,,125,64,60,action_network
2026-10-06T08:31:23Z,2025_06_DET_KC,moneyline,KC,,-150,36,40,action_network
2026-10-06T08:31:23Z,2025_06_DET_KC,spread,KC,-2.5,-115,30,22,action_network
2026-10-06T08:31:23Z,2025_06_DET_KC,spread,DET,2.5,-105,70,78,action_network
2026-10-06T08:31:23Z,2025_06_DET_KC,total,over,51.5,-112,66,54,action_network
2026-10-06T08:31:23Z,2025_06_DET_KC,total,under,51.5,-112,34,46,action_network
2026-10-06T08:31:23Z,2025_06_BUF_ATL,moneyline,BUF,,-202,92,93,action_network
2026-10-06T08:31:23Z,2025_06_BUF_ATL,moneyline,ATL,,169,8,7,action_network
2026-10-06T08:31:23Z,2025_06_BUF_ATL,spread,BUF,-3.5,-115,42,68,action_network
2026-10-06T08:31:23Z,2025_06_BUF_ATL,spread,ATL,3.5,-105,58,32,action_network
2026-10-06T08:31:23Z,2025_06_BUF_ATL,total,over,49.5,-114,48,39,action_network
2026-10-06T08:31:23Z,2025_06_BUF_ATL,total,under,49.5,-110,52,61,action_network
2026-10-06T08:31:23Z,2025_06_CHI_WAS,moneyline,CHI,,215,28,15,action_network
2026-10-06T08:31:23Z,2025_06_CHI_WAS,moneyline,WAS,,-265,72,85,action_network
2026-10-06T08:31:23Z,2025_06_CHI_WAS,spread,CHI,5.5,-110,66,54,action_network
2026-10-06T08:31:23Z,2025_06_CHI_WAS,spread,WAS,-5.5,-110,34,46,action_network
2026-10-06T08:31:23Z,2025_06_CHI_WAS,total,over,49.0,-110,45,31,action_network
2026-10-06T08:31:23Z,2025_06_CHI_WAS,total,under,49.0,-110,55,69,action_network
2026-10-06T08:31:23Z,2025_07_PIT_CIN,moneyline,PIT,,-245,59,83,action_network
2026-10-06T08:31:23Z,2025_07_PIT_CIN,moneyline,CIN,,205,41,17,action_network
2026-10-06T08:31:23Z,2025_07_PIT_CIN,spread,PIT,-5.5,-110,35,43,action_network
2026-10-06T08:31:23Z,2025_07_PIT_CIN,spread,CIN,5.5,-110,65,57,action_network
2026-10-06T08:31:23Z,2025_07_PIT_CIN,total,over,45.0,-108,72,50,action_network
2026-10-06T08:31:23Z,2025_07_PIT_CIN,total,under,45.0,-112,28,50,action_network
2026-10-06T08:31:23Z,2025_07_ATL_SF,moneyline,ATL,,-115,51,42,action_network
2026-10-06T08:31:23Z,2025_07_ATL_SF,moneyline,SF,,-105,49,58,action_network
2026-10-06T08:31:23Z,2025_07_ATL_SF,spread,ATL,0.5,-115,70,61,action_network
2026-10-06T08:31:23Z,2025_07_ATL_SF,spread,SF,-0.5,-105,30,39,action_network
2026-10-06T08:31:23Z,2025_07_ATL_SF,total,over,46.5,-110,51,42,action_network
2026-10-06T08:31:23Z,2025_07_ATL_SF,total,under,46.5,-110,49,58,action_network
2026-10-06T08:31:23Z,2025_07_TB_DET,moneyline,TB,,230,45,27,action_network
2026-10-06T08:31:23Z,2025_07_TB_DET,moneyline,DET,,-282,55,73,action_network
2026-10-06T08:31:23Z,2025_07_TB_DET,spread,TB,6.0,-111,41,65,action_network
2026-10-06T08:31:23Z,2025_07_TB_DET,spread,DET,-6.0,-109,59,35,action_network
2026-10-06T08:31:23Z,2025_07_TB_DET,total,over,54.5,-105,75,54,action_network
2026-10-06T08:31:23Z,2025_07_TB_DET,total,under,54.5,-114,25,46,action_network
2026-10-06T08:31:23Z,2025_07_HOU_SEA,moneyline,HOU,,140,11,15,action_network
2026-10-06T08:31:23Z,2025_07_HOU_SEA,moneyline,SEA,,-168,89,85,action_network
2026-10-06T08:31:23Z,2025_07_HOU_SEA,spread,HOU,3.0,-110,46,39,action_network
2026-10-06T08:31:23Z,2025_07_HOU_SEA,spread,SEA,-3.0,-110,54,61,action_network
2026-10-06T08:31:23Z,2025_07_HOU_SEA,total,over,41.5,-105,63,72,action_network
2026-10-06T08:31:23Z,2025_07_HOU_SEA,total,under,41.5,-110,37,28,action_network
2026-10-06T08:31:23Z,2025_08_MIN_LAC,moneyline,MIN,,148,33,24,action_network
2026-10-06T08:31:23Z,2025_08_MIN_LAC,moneyline,LAC,,-172,67,76,action_network
2026-10-06T08:31:23Z,2025_08_MIN_LAC,spread,MIN,3.5,-118,61,56,action_network
2026-10-06T08:31:23Z,2025_08_MIN_LAC,spread,LAC,-3.5,-106,39,44,action_network
2026-10-06T08:31:23Z,2025_08_MIN_LAC,total,under,44.5,-106,10,23,action_network
2026-10-06T08:31:23Z,2025_08_MIN_LAC,total,over,44.5,-118,90,77,action_network
2026-10-06T08:31:23Z,2025_08_GB_PIT,moneyline,GB,,-152,60,62,action_network
2026-10-06T08:31:23Z,2025_08_GB_PIT,moneyline,PIT,,128,40,38,action_network
2026-10-06T08:31:23Z,2025_08_GB_PIT,spread,GB,-2.5,-120,32,36,action_network
2026-10-06T08:31:23Z,2025_08_GB_PIT,spread,PIT,2.5,-102,68,64,action_network
2026-10-06T08:31:23Z,2025_08_GB_PIT,total,over,46.0,-107,77,60,action_network
2026-10-06T08:31:23Z,2025_08_GB_PIT,total,under,46.0,-112,23,40,action_network
2026-10-06T08:31:23Z,2025_08_WAS_KC,moneyline,WAS,,430,23,6,action_network
2026-10-06T08:31:23Z,2025_08_WAS_KC,moneyline,KC,,-590,77,94,action_network
2026-10-06T08:31:23Z,2025_08_WAS_KC,spread,KC,-10.5,-110,60,69,action_network
2026-10-06T08:31:23Z,2025_08_WAS_KC,spread,WAS,10.5,-110,40,31,action_network
2026-10-06T08:31:23Z,2025_08_WAS_KC,total,over,48.0,-110,70,67,action_network
2026-10-06T08:31:23Z,2025_08_WAS_KC,total,under,48.0,-110,30,33,action_network
2026-10-06T08:31:23Z,2025_09_BAL_MIA,moneyline,BAL,,-460,82,89,action_network
2026-10-06T08:31:23Z,2025_09_BAL_MIA,moneyline,MIA,,360,18,11,action_network
2026-10-06T08:31:23Z,2025_09_BAL_MIA,spread,BAL,-7.5,-118,80,76,action_network
2026-10-06T08:31:23Z,2025_09_BAL_MIA,spread,MIA,7.5,-104,20,24,action_network
2026-10-06T08:31:23Z,2025_09_BAL_MIA,total,over,51.5,-105,80,66,action_network
2026-10-06T08:31:23Z,2025_09_BAL_MIA,total,under,51.5,-110,20,34,action_network
2026-10-06T08:31:23Z,2025_09_SEA_WAS,moneyline,SEA,,-148,68,85,action_network
2026-10-06T08:31:23Z,2025_09_SEA_WAS,moneyline,WAS,,125,32,15,action_network
2026-10-06T08:31:23Z,2025_09_SEA_WAS,spread,WAS,2.5,100,53,38,action_network
2026-10-06T08:31:23Z,2025_09_SEA_WAS,spread,SEA,-2.5,-120,47,62,action_network
2026-10-06T08:31:23Z,2025_09_SEA_WAS,total,under,47.5,-110,28,51,action_network
2026-10-06T08:31:23Z,2025_09_SEA_WAS,total,over,47.5,-110,72,49,action_network
2026-10-06T08:31:23Z,2025_09_ARI_DAL,moneyline,ARI,,145,10,9,action_network
2026-10-06T08:31:23Z,2025_09_ARI_DAL,moneyline,DAL,,-175,90,91,action_network
2026-10-06T08:31:23Z,2025_09_ARI_DAL,spread,ARI,3.5,-107,34,25,action_network
2026-10-06T08:31:23Z,2025_09_ARI_DAL,spread,DAL,-3.5,-112,66,75,action_network
2026-10-06T08:31:23Z,2025_09_ARI_DAL,total,under,53.5,-107,34,71,action_network
2026-10-06T08:31:23Z,2025_09_ARI_DAL,total,over,53.5,-110,66,29,action_network
2026-10-06T08:31:23Z,2025_10_LV_DEN,moneyline,LV,,360,35,9,action_network
2026-10-06T08:31:23Z,2025_10_LV_DEN,moneyline,DEN,,-470,65,91,action_network
2026-10-06T08:31:23Z,2025_10_LV_DEN,spread,LV,9.5,-115,47,35,action_network
2026-10-06T08:31:23Z,2025_10_LV_DEN,spread,DEN,-9.5,-105,53,65,action_network
2026-10-06T08:31:23Z,2025_10_LV_DEN,total,over,42.5,-112,73,57,action_network
2026-10-06T08:31:23Z,2025_10_LV_DEN,total,under,42.5,-108,27,43,action_network
2026-10-06T08:31:23Z,2025_10_PIT_LAC,moneyline,PIT,,155,53,39,action_network
2026-10-06T08:31:23Z,2025_10_PIT_LAC,moneyline,LAC,,-185,47,61,action_network
2026-10-06T08:31:23Z,2025_10_PIT_LAC,spread,PIT,3.0,-100,51,61,action_network
2026-10-06T08:31:23Z,2025_10_PIT_LAC,spread,LAC,-3.0,-120,49,39,action_network
2026-10-06T08:31:23Z,2025_10_PIT_LAC,total,over,45.5,-110,72,81,action_network
2026-10-06T08:31:23Z,2025_10_PIT_LAC,total,under,45.5,-110,28,19,action_network
2026-10-06T08:31:23Z,2025_10_PHI_GB,moneyline,GB,,-110,25,30,action_network
2026-10-06T08:31:23Z,2025_10_PHI_GB,moneyline,PHI,,-110,75,70,action_network
2026-10-06T08:31:23Z,2025_10_PHI_GB,spread,PHI,1.0,-115,69,73,action_network
2026-10-06T08:31:23Z,2025_10_PHI_GB,spread,GB,-1.0,-105,31,27,action_network
2026-10-06T08:31:23Z,2025_10_PHI_GB,total,over,45.0,-110,67,59,action_network
2026-10-06T08:31:23Z,2025_10_PHI_GB,total,under,45.0,-110,33,41,action_network
2026-10-06T08:31:23Z,2025_11_NYJ_NE,moneyline,NYJ,,591,32,10,action_network
2026-10-06T08:31:23Z,2025_11_NYJ_NE,moneyline,NE,,-869,68,90,action_network
2026-10-06T08:31:23Z,2025_11_NYJ_NE,spread,NE,-12.5,-115,62,59,action_network
2026-10-06T08:31:23Z,2025_11_NYJ_NE,spread,NYJ,12.5,-110,38,41,action_network
2026-10-06T08:31:23Z,2025_11_NYJ_NE,total,under,43.5,-103,49,43,action_network
2026-10-06T08:31:23Z,2025_11_NYJ_NE,total,over,43.5,-105,51,57,action_network
2026-10-06T08:31:23Z,2025_11_DET_PHI,moneyline,PHI,,-141,27,58,action_network
2026-10-06T08:31:23Z,2025_11_DET_PHI,moneyline,DET,,120,73,42,action_network
2026-10-06T08:31:23Z,2025_11_DET_PHI,spread,DET,2.5,-110,70,73,action_network
2026-10-06T08:31:23Z,2025_11_DET_PHI,spread,PHI,-2.5,-110,30,27,action_network
2026-10-06T08:31:23Z,2025_11_DET_PHI,total,over,46.0,-109,74,72,action_network
2026-10-06T08:31:23Z,2025_11_DET_PHI,total,under,46.0,-112,26,28,action_network
2026-10-06T08:31:23Z,2025_11_DAL_LV,moneyline,DAL,,-199,81,90,action_network
2026-10-06T08:31:23Z,2025_11_DAL_LV,moneyline,LV,,164,19,10,action_network
2026-10-06T08:31:23Z,2025_11_DAL_LV,spread,DAL,-3.5,-110,57,74,action_network
2026-10-06T08:31:23Z,2025_11_DAL_LV,spread,LV,3.5,-110,43,26,action_network
2026-10-06T08:31:23Z,2025_11_DAL_LV,total,over,48.5,-108,49,50,action_network
2026-10-06T08:31:23Z,2025_11_DAL_LV,total,under,48.5,-112,51,50,action_network
2026-10-06T08:31:23Z,2025_12_BUF_HOU,moneyline,BUF,,-240,84,92,action_network
2026-10-06T08:31:23Z,2025_12_BUF_HOU,moneyline,HOU,,197,16,8,action_network
2026-10-06T08:31:23Z,2025_12_BUF_HOU,spread,BUF,-4.5,-110,66,73,action_network
2026-10-06T08:31:23Z,2025_12_BUF_HOU,spread,HOU,4.5,-110,34,27,action_network
2026-10-06T08:31:23Z,2025_12_BUF_HOU,total,over,44.0,-112,65,65,action_network
2026-10-06T08:31:23Z,2025_12_BUF_HOU,total,under,44.0,-107,35,35,action_network
2026-10-06T08:31:23Z,2025_12_TB_LA,moneyline,TB,,280,50,15,action_network
2026-10-06T08:31:23Z,2025_12_TB_LA,moneyline,LA,,-357,50,85,action_network
2026-10-06T08:31:23Z,2025_12_TB_LA,spread,TB,7.5,-120,63,65,action_network
2026-10-06T08:31:23Z,2025_12_TB_LA,spread,LA,-7.5,-110,37,35,action_network
2026-10-06T08:31:23Z,2025_12_TB_LA,total,over,50.0,-110,74,52,action_network
2026-10-06T08:31:23Z,2025_12_TB_LA,total,under,50.0,-112,26,48,action_network
2026-10-06T08:31:23Z,2025_12_CAR_SF,moneyline,SF,,-375,73,92,action_network
2026-10-06T08:31:23Z,2025_12_CAR_SF,moneyline,CAR,,310,27,8,action_network
2026-10-06T08:31:23Z,2025_12_CAR_SF,spread,CAR,7.5,-115,52,43,action_network
2026-10-06T08:31:23Z,2025_12_CAR_SF,spread,SF,-7.5,-105,48,57,action_network
2026-10-06T08:31:23Z,2025_12_CAR_SF,total,over,49.0,-110,68,53,action_network
2026-10-06T08:31:23Z,2025_12_CAR_SF,total,under,49.0,-110,32,47,action_network
2026-10-06T08:31:23Z,2025_13_DEN_WAS,moneyline,DEN,,-300,86,94,action_network
2026-10-06T08:31:23Z,2025_13_DEN_WAS,moneyline,WAS,,240,14,6,action_network
2026-10-06T08:31:23Z,2025_13_DEN_WAS,spread,WAS,6.0,-110,23,23,action_network
2026-10-06T08:31:23Z,2025_13_DEN_WAS,spread,DEN,-6.0,-110,77,77,action_network
2026-10-06T08:31:23Z,2025_13_DEN_WAS,total,over,43.5,-108,48,49,action_network
2026-10-06T08:31:23Z,2025_13_DEN_WAS,total,under,43.5,-112,52,51,action_network
2026-10-06T08:31:23Z,2025_13_NYG_NE,moneyline,NE,,-372,76,89,action_network
2026-10-06T08:31:23Z,2025_13_NYG_NE,moneyline,NYG,,290,24,11,action_network
2026-10-06T08:31:23Z,2025_13_NYG_NE,spread,NYG,7.0,-105,48,47,action_network
2026-10-06T08:31:23Z,2025_13_NYG_NE,spread,NE,-7.0,-110,52,53,action_network
2026-10-06T08:31:23Z,2025_13_NYG_NE,total,over,46.5,-110,68,60,action_network
2026-10-06T08:31:23Z,2025_13_NYG_NE,total,under,46.5,-110,32,40,action_network
2026-10-06T08:31:23Z,2025_14_DAL_DET,moneyline,DET,,-185,36,56,action_network
2026-10-06T08:31:23Z,2025_14_DAL_DET,moneyline,DAL,,155,64,44,action_network
2026-10-06T08:31:23Z,2025_14_DAL_DET,spread,DET,-3.5,-110,32,28,action_network
2026-10-06T08:31:23Z,2025_14_DAL_DET,spread,DAL,3.5,-110,68,72,action_network
2026-10-06T08:31:23Z,2025_14_DAL_DET,total,under,55.5,-110,33,39,action_network
2026-10-06T08:31:23Z,2025_14_DAL_DET,total,over,55.5,-110,67,61,action_network
2026-10-06T08:31:23Z,2025_14_HOU_KC,moneyline,KC,,-218,77,77,action_network
2026-10-06T08:31:23Z,2025_14_HOU_KC,moneyline,HOU,,185,23,23,action_network
2026-10-06T08:31:23Z,2025_14_HOU_KC,spread,KC,-4.5,-107,56,45,action_network
2026-10-06T08:31:23Z,2025_14_HOU_KC,spread,HOU,4.5,-112,44,55,action_network
2026-10-06T08:31:23Z,2025_14_HOU_KC,total,over,41.5,-109,68,75,action_network
2026-10-06T08:31:23Z,2025_14_HOU_KC,total,under,41.5,-111,32,25,action_network
2026-10-06T08:31:23Z,2025_14_PHI_LAC,moneyline,PHI,,-120,65,74,action_network
2026-10-06T08:31:23Z,2025_14_PHI_LAC,moneyline,LAC,,100,35,26,action_network
2026-10-06T08:31:23Z,2025_14_PHI_LAC,spread,LAC,1.5,-115,56,41,action_network
2026-10-06T08:31:23Z,2025_14_PHI_LAC,spread,PHI,-1.5,-105,44,59,action_network
2026-10-06T08:31:23Z,2025_14_PHI_LAC,total,over,42.0,-112,87,84,action_network
2026-10-06T08:31:23Z,2025_14_PHI_LAC,total,under,42.0,-107,13,16,action_network
2026-10-06T08:31:23Z,2025_15_ATL_TB,moneyline,ATL,,230,22,13,action_network
2026-10-06T08:31:23Z,2025_15_ATL_TB,moneyline,TB,,-285,78,87,action_network
2026-10-06T08:31:23Z,2025_15_ATL_TB,spread,ATL,6.0,-108,32,36,action_network
2026-10-06T08:31:23Z,2025_15_ATL_TB,spread,TB,-6.0,-112,68,64,action_network
2026-10-06T08:31:23Z,2025_15_ATL_TB,total,under,43.5,-110,33,34,action_network
2026-10-06T08:31:23Z,2025_15_ATL_TB,total,over,43.5,-110,67,66,action_network
2026-10-06T08:31:23Z,2025_15_MIN_DAL,moneyline,MIN,,200,14,9,action_network
2026-10-06T08:31:23Z,2025_15_MIN_DAL,moneyline,DAL,,-250,86,91,action_network
2026-10-06T08:31:23Z,2025_15_MIN_DAL,spread,DAL,-5.0,-107,56,71,action_network
2026-10-06T08:31:23Z,2025_15_MIN_DAL,spread,MIN,5.0,-112,44,29,action_network
2026-10-06T08:31:23Z,2025_15_MIN_DAL,total,over,47.5,-112,80,76,action_network
2026-10-06T08:31:23Z,2025_15_MIN_DAL,total,under,47.5,-108,20,24,action_network
2026-10-06T08:31:23Z,2025_15_MIA_PIT,moneyline,PIT,,-185,63,80,action_network
2026-10-06T08:31:23Z,2025_15_MIA_PIT,moneyline,MIA,,147,37,20,action_network
2026-10-06T08:31:23Z,2025_15_MIA_PIT,spread,PIT,-3.5,-105,45,50,action_network
2026-10-06T08:31:23Z,2025_15_MIA_PIT,spread,MIA,3.5,-121,55,50,action_network
2026-10-06T08:31:23Z,2025_15_MIA_PIT,total,over,43.5,-107,71,68,action_network
2026-10-06T08:31:23Z,2025_15_MIA_PIT,total,under,43.5,-117,29,32,action_network
2026-10-06T08:31:23Z,2025_16_LA_SEA,moneyline,SEA,,-130,58,50,action_network
2026-10-06T08:31:23Z,2025_16_LA_SEA,moneyline,LA,,110,42,50,action_network
2026-10-06T08:31:23Z,2025_16_LA_SEA,spread,SEA,-1.5,-112,44,39,action_network
2026-10-06T08:31:23Z,2025_16_LA_SEA,spread,LA,1.5,-108,56,61,action_network
2026-10-06T08:31:23Z,2025_16_LA_SEA,total,under,42.5,-105,32,28,action_network
2026-10-06T08:31:23Z,2025_16_LA_SEA,total,over,42.5,-115,68,72,action_network
2026-10-06T08:31:23Z,2025_16_NE_BAL,moneyline,BAL,,-212,40,45,action_network
2026-10-06T08:31:23Z,2025_16_NE_BAL,moneyline,NE,,171,60,55,action_network
2026-10-06T08:31:23Z,2025_16_NE_BAL,spread,NE,3.5,-102,72,78,action_network
2026-10-06T08:31:23Z,2025_16_NE_BAL,spread,BAL,-3.5,-119,28,22,action_network
2026-10-06T08:31:23Z,2025_16_NE_BAL,total,over,47.5,-115,73,72,action_network
2026-10-06T08:31:23Z,2025_16_NE_BAL,total,under,47.5,-105,27,28,action_network
2026-10-06T08:31:23Z,2025_16_SF_IND,moneyline,SF,,-221,74,83,action_network
2026-10-06T08:31:23Z,2025_16_SF_IND,moneyline,IND,,185,26,17,action_network
2026-10-06T08:31:23Z,2025_16_SF_IND,spread,IND,4.5,-113,45,40,action_network
2026-10-06T08:31:23Z,2025_16_SF_IND,spread,SF,-4.5,-106,55,60,action_network
2026-10-06T08:31:23Z,2025_16_SF_IND,total,under,46.5,-114,32,36,action_network
2026-10-06T08:31:23Z,2025_16_SF_IND,total,over,46.5,-102,68,64,action_network
2026-10-06T08:31:23Z,2025_17_DAL_WAS,moneyline,DAL,,-480,83,86,action_network
2026-10-06T08:31:23Z,2025_17_DAL_WAS,moneyline,WAS,,380,17,14,action_network
2026-10-06T08:31:23Z,2025_17_DAL_WAS,spread,WAS,8.5,-105,20,25,action_network
2026-10-06T08:31:23Z,2025_17_DAL_WAS,spread,DAL,-8.5,-115,80,75,action_network
2026-10-06T08:31:23Z,2025_17_DAL_WAS,total,over,50.5,-112,74,63,action_network
2026-10-06T08:31:23Z,2025_17_DAL_WAS,total,under,50.5,-108,26,37,action_network
2026-10-06T08:31:23Z,2025_17_DET_MIN,moneyline,DET,,-355,83,88,action_network
2026-10-06T08:31:23Z,2025_17_DET_MIN,moneyline,MIN,,280,17,12,action_network
2026-10-06T08:31:23Z,2025_17_DET_MIN,spread,MIN,7.5,-110,31,23,action_network
2026-10-06T08:31:23Z,2025_17_DET_MIN,spread,DET,-7.5,-102,69,77,action_network
2026-10-06T08:31:23Z,2025_17_DET_MIN,total,under,45.5,-115,15,25,action_network
2026-10-06T08:31:23Z,2025_17_DET_MIN,total,over,45.5,-105,85,75,action_network
2026-10-06T08:31:23Z,2025_17_DEN_KC,moneyline,DEN,,-1100,52,80,action_network
2026-10-06T08:31:23Z,2025_17_DEN_KC,moneyline,KC,,700,48,20,action_network
2026-10-06T08:31:23Z,2025_17_DEN_KC,spread,KC,13.5,-110,31,30,action_network
2026-10-06T08:31:23Z,2025_17_DEN_KC,spread,DEN,-13.5,-110,69,70,action_network
2026-10-06T08:31:23Z,2025_17_DEN_KC,total,over,37.5,-120,63,56,action_network
2026-10-06T08:31:23Z,2025_17_DEN_KC,total,under,37.5,-102,37,44,action_network
2026-10-06T08:31:23Z,2025_17_CHI_SF,moneyline,SF,,-225,65,71,action_network
2026-10-06T08:31:23Z,2025_17_CHI_SF,moneyline,CHI,,185,35,29,action_network
2026-10-06T08:31:23Z,2025_17_CHI_SF,spread,CHI,4.5,-115,44,58,action_network
2026-10-06T08:31:23Z,2025_17_CHI_SF,spread,SF,-4.5,-105,56,42,action_network
2026-10-06T08:31:23Z,2025_17_CHI_SF,total,over,51.5,-108,54,43,action_network
2026-10-06T08:31:23Z,2025_17_CHI_SF,total,under,51.5,-112,46,57,action_network
2026-10-06T08:31:23Z,2025_17_LA_ATL,moneyline,ATL,,295,10,7,action_network
2026-10-06T08:31:23Z,2025_17_LA_ATL,moneyline,LA,,-382,90,93,action_network
2026-10-06T08:31:23Z,2025_17_LA_ATL,spread,ATL,7.5,-118,42,38,action_network
2026-10-06T08:31:23Z,2025_17_LA_ATL,spread,LA,-7.5,-102,58,62,action_network
2026-10-06T08:31:23Z,2025_17_LA_ATL,total,over,49.0,-112,61,62,action_network
2026-10-06T08:31:23Z,2025_17_LA_ATL,total,under,48.5,-105,39,38,action_network
2026-10-06T08:31:23Z,2025_18_BAL_PIT,moneyline,BAL,,-229,43,70,action_network
2026-10-06T08:31:23Z,2025_18_BAL_PIT,moneyline,PIT,,187,57,30,action_network
2026-10-06T08:31:23Z,2025_18_BAL_PIT,spread,PIT,4.5,-110,51,55,action_network
2026-10-06T08:31:23Z,2025_18_BAL_PIT,spread,BAL,-4.5,-110,49,45,action_network
2026-10-06T08:31:23Z,2025_18_BAL_PIT,total,over,41.5,-109,73,70,action_network
2026-10-06T08:31:23Z,2025_18_BAL_PIT,total,under,41.5,-111,27,30,action_network
