game_id,season,week,slot,slot_source
2026_01_DAL_NYG,2026,1,SNF,champsorchumps
2026_01_DEN_KC,2026,1,MNF,champsorchumps
2026_02_DET_BUF,2026,2,TNF,champsorchumps
2026_02_IND_KC,2026,2,SNF,champsorchumps
2026_02_NYG_LA,2026,2,MNF,champsorchumps
2026_03_ATL_GB,2026,3,TNF,champsorchumps
2026_03_LA_DEN,2026,3,SNF,champsorchumps
2026_03_PHI_CHI,2026,3,MNF,champsorchumps
2026_04_ATL_NO,2026,4,MNF,champsorchumps
2026_04_DET_CAR,2026,4,SNF,champsorchumps
2026_04_PIT_CLE,2026,4,TNF,champsorchumps
2026_05_BAL_ATL,2026,5,SNF,champsorchumps
2026_05_BUF_LA,2026,5,MNF,champsorchumps
2026_05_TB_DAL,2026,5,TNF,champsorchumps
2026_06_DAL_GB,2026,6,SNF,champsorchumps
2026_06_SEA_DEN,2026,6,TNF,champsorchumps
2026_06_WAS_SF,2026,6,MNF,champsorchumps
2026_07_DAL_PHI,2026,7,MNF,champsorchumps
2026_07_KC_SEA,2026,7,SNF,champsorchumps
2026_07_NE_CHI,2026,7,TNF,champsorchumps
2026_08_CAR_GB,2026,8,TNF,champsorchumps
2026_08_CHI_SEA,2026,8,MNF,champsorchumps
2026_08_PHI_WAS,2026,8,SNF,champsorchumps
2026_09_BUF_MIN,2026,9,MNF,champsorchumps
2026_09_JAX_BAL,2026,9,TNF,champsorchumps
2026_09_TB_CHI,2026,9,SNF,champsorchumps
2026_10_LAC_BAL,2026,10,MNF,champsorchumps
2026_10_PIT_CIN,2026,10,SNF,champsorchumps
2026_10_WAS_NYG,2026,10,TNF,champsorchumps
2026_11_CIN_WAS,2026,11,MNF,champsorchumps
2026_11_IND_HOU,2026,11,TNF,champsorchumps
2026_11_MIN_SF,2026,11,SNF,champsorchumps
2026_12_CAR_TB,2026,12,MNF,champsorchumps
2026_12_NE_LAC,2026,12,SNF,champsorchumps
2026_13_DAL_SEA,2026,13,MNF,champsorchumps
2026_13_HOU_PIT,2026,13,SNF,champsorchumps
2026_13_KC_LA,2026,13,TNF,champsorchumps
2026_14_BUF_GB,2026,14,SNF,champsorchumps
2026_14_MIN_NE,2026,14,TNF,champsorchumps
2026_14_PIT_JAX,2026,14,MNF,champsorchumps
2026_15_DET_MIN,2026,15,SNF,champsorchumps
2026_15_NE_KC,2026,15,MNF,champsorchumps
2026_15_SF_LAC,2026,15,TNF,champsorchumps
2026_16_HOU_PHI,2026,16,TNF,champsorchumps
2026_16_JAX_DAL,2026,16,SNF,champsorchumps
2026_16_NYG_DET,2026,16,MNF,champsorchumps
2026_17_BAL_CIN,2026,17,TNF,champsorchumps
2026_17_HOU_GB,2026,17,MNF,champsorchumps
2026_17_PHI_SF,2026,17,SNF,champsorchumps
