game_id,away,home,p_home,p_vegas,model_spread,vegas_spread,factor_1,factor_2,factor_3
2026_03_ATL_GB,ATL,GB,0.7299,0.669,GB -7,GB -4.5,GB +9.4% Quarterback,GB +6.6% Home field,ATL +2.9% Fatigue
2026_03_ARI_SF,ARI,SF,0.8164,0.7659,SF -11.5,SF -7.5,SF +7.0% Home field,SF +6.7% Quarterback,SF +6.0% Scoring & record
2026_03_BAL_DAL,BAL,DAL,0.43,0.4066,BAL -3.5,BAL -3,BAL +3.3% Defense,BAL +1.9% Scoring & record,DAL +1.8% Special teams
2026_03_CAR_CLE,CAR,CLE,0.5296,0.4486,CLE -2,CAR -1.5,CLE +7.0% Home field,CAR +4.4% Offense,CLE +3.3% Quarterback
2026_03_CIN_PIT,CIN,PIT,0.4774,0.3691,CIN -0.5,CIN -3.5,PIT +7.0% Home field,CIN +2.6% Recent form,CIN +1.9% Offense
2026_03_HOU_IND,HOU,IND,0.4475,0.4739,HOU -1,HOU -1.5,IND +7.0% Home field,HOU +6.2% Fatigue,HOU +5.2% Defense
2026_03_KC_MIA,KC,MIA,0.3697,0.1918,KC -4,KC -9.5,KC +7.6% Quarterback,MIA +7.0% Home field,KC +5.8% Defense
2026_03_LAC_BUF,LAC,BUF,0.7882,0.7335,BUF -10,BUF -7,BUF +8.4% Offense,BUF +6.6% Home field,BUF +5.7% Recent form
2026_03_LA_DEN,LA,DEN,0.5255,0.4573,DEN -0.5,LA -1.5,DEN +7.0% Home field,LA +4.2% Offense,LA +2.9% Quarterback
2026_03_LV_NO,LV,NO,0.5817,0.6369,NO -3.5,NO -3.5,NO +7.0% Home field,NO +4.2% Offense,LV +3.4% Quarterback
2026_03_MIN_TB,MIN,TB,0.5281,0.4892,TB -0.5,MIN -1.5,TB +7.0% Home field,MIN +4.4% Defense,TB +4.2% Quarterback
2026_03_NE_JAX,NE,JAX,0.5847,0.583,JAX -2.5,JAX -3,JAX +7.0% Home field,NE +3.3% Defense,JAX +2.4% Recent form
2026_03_NYJ_DET,NYJ,DET,0.7483,0.7221,DET -8.5,DET -6.5,DET +7.0% Home field,DET +4.1% Quarterback,DET +3.8% Scoring & record
2026_03_SEA_WAS,SEA,WAS,0.3221,0.2285,SEA -6,SEA -8.5,SEA +9.7% Defense,SEA +8.4% Scoring & record,WAS +6.4% Home field
2026_03_TEN_NYG,TEN,NYG,0.6695,0.5427,NYG -6,NYG -2.5,NYG +7.0% Home field,NYG +3.3% Offense,TEN +2.7% Defense
2026_03_PHI_CHI,PHI,CHI,0.4242,0.3631,PHI -2,PHI -3.5,PHI +12.8% Quarterback,CHI +6.8% Home field,PHI +3.5% Defense
